vid,label,split,new_split,frames_count
-3viw1EWLpo_000015_000025_3.5_7.0,baby_babbling_crying,train,val,30
03Hgkn0DIA8_000030_000040_0.0_3.0,baby_babbling_crying,train,train,26
1aDnyPubxdY_000118_000128_0.0_3.0,baby_babbling_crying,train,train,26
1aDnyPubxdY_000118_000128_4.5_7.5,baby_babbling_crying,train,train,26
1nC1ddPiDVU_000012_000022_0.0_2.1,baby_babbling_crying,train,train,18
1qsFt1rd5zw_000071_000081_4.0_7.0,baby_babbling_crying,train,train,26
2IYt8ZVZoQ8_000020_000030_6.0_9.0,baby_babbling_crying,train,train,26
2M9-tXoXTcg_000014_000024_5.5_9.0,baby_babbling_crying,train,train,30
3AQFAFy1RCw_000030_000040_7.9_10.0,baby_babbling_crying,train,train,19
5OTRV76xxeI_000036_000046_4.5_6.6,baby_babbling_crying,train,train,19
5V51JifwW48_000050_000060_3.0_6.0,baby_babbling_crying,train,val,26
5bnBbZIyCVs_000003_000013_2.9_5.0,baby_babbling_crying,train,train,18
5bnBbZIyCVs_000003_000013_3.0_6.0,baby_babbling_crying,train,train,26
5sumS7_ogEw_000034_000044_5.4_7.5,baby_babbling_crying,train,train,18
6TJ4mjlhR2U_000000_000010_2.0_6.5,baby_babbling_crying,train,train,38
6wHFhrAqt5Q_000023_000033_0.0_4.0,baby_babbling_crying,train,train,34
8L6AX8xepUI_000019_000029_3.4_5.5,baby_babbling_crying,train,train,18
8RQReyEWDdA_000136_000146_6.5_8.6,baby_babbling_crying,train,train,18
8mU1Q6ffIqg_000023_000033_0.0_3.0,baby_babbling_crying,train,train,26
9EIPbIexzQ4_000021_000031_0.0_3.5,baby_babbling_crying,train,train,30
9SN9F6nYBcU_000039_000049_0.0_3.0,baby_babbling_crying,train,train,26
9SN9F6nYBcU_000088_000098_4.0_6.5,baby_babbling_crying,train,train,22
Ac17vTPGbl0_000102_000112_6.4_8.5,baby_babbling_crying,train,val,19
Ac17vTPGbl0_000102_000112_7.0_10.0,baby_babbling_crying,train,train,26
Ac17vTPGbl0_000114_000124_6.0_10.0,baby_babbling_crying,train,train,34
BGxO2zGGWZE_000030_000040_4.0_7.0,baby_babbling_crying,train,train,26
CGAvGtSlk3U_000014_000024_2.0_8.0,baby_babbling_crying,train,val,50
CzotiifbywI_000030_000040_0.0_3.5,baby_babbling_crying,train,train,30
DAZ-W7RP4N0_000002_000012_4.0_8.0,baby_babbling_crying,train,train,34
DAZ-W7RP4N0_000002_000012_6.5_9.5,baby_babbling_crying,train,train,26
DnrzWno9RY0_000023_000033_6.0_9.0,baby_babbling_crying,train,train,26
E1xevDcdzZY_000030_000040_2.5_5.5,baby_babbling_crying,train,train,26
EkSuELnoKUo_000000_000010_5.5_9.0,baby_babbling_crying,train,train,30
FX7m8rS8Ac4_000011_000021_2.0_4.1,baby_babbling_crying,train,train,19
HLtnf4PKGFs_000030_000040_2.5_4.6,baby_babbling_crying,train,train,18
HPCXWDW7nZw_000098_000108_1.5_3.6,baby_babbling_crying,train,train,18
HlMnwIxk2aA_000004_000014_1.4_3.5,baby_babbling_crying,train,train,18
HlMnwIxk2aA_000004_000014_1.5_4.5,baby_babbling_crying,train,train,26
IGikBxNZsf0_000046_000056_0.0_4.0,baby_babbling_crying,train,train,34
IYhvCyjM29g_000004_000014_6.5_9.0,baby_babbling_crying,train,val,22
JPUmWOr-Th0_000029_000039_1.0_6.5,baby_babbling_crying,train,val,46
JPUmWOr-Th0_000039_000049_2.5_6.5,baby_babbling_crying,train,train,34
JafJNj8G0us_000032_000042_5.5_8.5,baby_babbling_crying,train,train,26
KLAI62kdOJU_000076_000086_5.5_8.5,baby_babbling_crying,train,train,26
KLAI62kdOJU_000121_000131_2.0_5.5,baby_babbling_crying,train,val,30
KUuO2p1yS6Q_000033_000043_1.0_4.0,baby_babbling_crying,train,train,26
KZvzHlLMkLw_000009_000019_0.0_3.0,baby_babbling_crying,train,train,26
Ku0rKzrZQzY_000027_000037_1.0_3.1,baby_babbling_crying,train,train,18
L-EAZxnYi58_000063_000073_2.0_5.0,baby_babbling_crying,train,train,26
LS1BpvHTIeg_000007_000017_4.0_7.0,baby_babbling_crying,train,train,26
LTgfErWfuYc_000091_000101_1.5_4.5,baby_babbling_crying,train,train,26
MFaRhAq2JLw_000010_000020_5.5_9.0,baby_babbling_crying,train,train,30
NBt9zr2RAiE_000007_000017_2.5_7.5,baby_babbling_crying,train,train,42
NWWyjuR7TV0_000216_000226_6.9_9.0,baby_babbling_crying,train,train,18
NuX0FmQWKEo_000028_000038_0.5_4.0,baby_babbling_crying,train,train,30
OPjfXPzXKXs_000029_000039_0.5_3.5,baby_babbling_crying,train,val,26
Ox2O7TbQ-WE_000043_000053_0.0_3.0,baby_babbling_crying,train,train,26
QlNZFq51RXs_000004_000014_0.5_2.6,baby_babbling_crying,train,train,18
TSWb2csbaTI_000027_000037_7.0_10.0,baby_babbling_crying,train,train,26
Ty-z2SgEEp0_000056_000066_5.0_8.0,baby_babbling_crying,train,train,26
V69i0H3grog_000028_000038_2.0_5.0,baby_babbling_crying,train,train,26
VpzLTe_OU1Y_000029_000039_5.0_8.0,baby_babbling_crying,train,train,26
VpzLTe_OU1Y_000029_000039_6.0_10.0,baby_babbling_crying,train,train,34
XyV6vd8FxH4_000048_000058_3.0_6.5,baby_babbling_crying,train,train,30
YNnz5wprWYk_000001_000011_4.0_8.5,baby_babbling_crying,train,train,38
_t-Abwz6JG4_000031_000041_2.5_6.5,baby_babbling_crying,train,val,34
aeiXr2U079g_000030_000040_1.5_4.5,baby_babbling_crying,train,train,26
bU6hVP0WtsI_000035_000045_4.0_8.0,baby_babbling_crying,train,train,34
bx5xFDBPNEI_000020_000030_5.0_8.0,baby_babbling_crying,train,train,26
c5AVCPO3lAs_000030_000040_4.0_7.0,baby_babbling_crying,train,train,26
cJjIiQy1uM4_000003_000013_0.0_3.0,baby_babbling_crying,train,val,26
eQnMW0bOd_U_000037_000047_1.0_3.1,baby_babbling_crying,train,train,18
evoTQV0R2Dw_000016_000026_1.4_3.5,baby_babbling_crying,train,train,19
jGEhZTHRML4_000008_000018_3.5_7.5,baby_babbling_crying,train,train,34
k1lFKf-3VYw_000049_000059_1.5_5.0,baby_babbling_crying,train,train,30
kfSqXa5xQlo_000009_000019_2.0_5.0,baby_babbling_crying,train,train,26
klTUJ7bIdJo_000009_000019_1.5_4.5,baby_babbling_crying,train,train,26
l0drdxSOlCM_000020_000030_3.0_6.0,baby_babbling_crying,train,train,26
n79ZuPSbljg_000000_000010_6.0_9.5,baby_babbling_crying,train,train,30
nbDwpdmdf_4_000000_000010_2.0_6.5,baby_babbling_crying,train,train,38
nzwmPWAAQFg_000030_000040_4.0_8.0,baby_babbling_crying,train,train,34
p6ZaFK0pFzg_000020_000030_2.5_5.5,baby_babbling_crying,train,train,26
rCsTXFZOSvA_000078_000088_0.0_2.1,baby_babbling_crying,train,train,18
rCsTXFZOSvA_000078_000088_4.5_7.5,baby_babbling_crying,train,train,26
uZVSL3SVj0Y_000002_000012_5.0_8.5,baby_babbling_crying,train,train,30
ueZuSVRInZs_000008_000018_6.5_9.5,baby_babbling_crying,train,train,26
wC2LTEKoKdY_000000_000010_5.5_9.0,baby_babbling_crying,train,train,30
y6jT3Q3gyvs_000012_000022_3.4_5.5,baby_babbling_crying,train,train,19
y8Vsv7S9hbA_000002_000012_4.4_6.5,baby_babbling_crying,train,train,18
yRTNaBHMcDk_000030_000040_1.0_3.1,baby_babbling_crying,train,train,19
--XInAaMS6k_000061_000071_6.0_10.0,cap_gun_shooting,train,val,34
-sgvu4UC_KA_000649_000659_3.0_7.0,cap_gun_shooting,train,train,34
04TBpsFSwQ8_000019_000029_4.0_7.5,cap_gun_shooting,train,train,30
0rw4B9Xze28_000040_000050_2.5_10.0,cap_gun_shooting,train,train,62
1dac7pLj_do_000070_000080_0.0_3.0,cap_gun_shooting,train,train,26
1fGWL1Z-aOc_000099_000109_0.0_4.5,cap_gun_shooting,train,train,38
2eEPiCh9bZo_000090_000100_7.0_10.0,cap_gun_shooting,train,train,26
2ffgd7k0vI8_000040_000050_2.0_5.0,cap_gun_shooting,train,train,26
48JvjDvWny4_000057_000067_7.0_10.0,cap_gun_shooting,train,train,26
4QDaiF6qioE_000048_000058_3.5_7.0,cap_gun_shooting,train,train,30
4vcwMj0sL9E_000090_000100_0.5_9.5,cap_gun_shooting,train,val,74
4vcwMj0sL9E_000105_000115_3.0_8.5,cap_gun_shooting,train,train,46
5ALk948jfvw_000030_000040_0.0_6.0,cap_gun_shooting,train,train,50
5gRTZ8Wuy0s_000024_000034_1.0_6.0,cap_gun_shooting,train,train,42
5gRTZ8Wuy0s_000024_000034_0.0_3.0,cap_gun_shooting,train,train,26
5rP9Z4jEq6s_000024_000034_2.5_6.0,cap_gun_shooting,train,train,30
5th6phRFv4Q_000014_000024_0.0_3.0,cap_gun_shooting,train,train,26
5th6phRFv4Q_000060_000070_1.0_4.0,cap_gun_shooting,train,train,26
6xZZQ9muKZI_000024_000034_6.5_9.5,cap_gun_shooting,train,train,26
73KLTq7YHlI_000022_000032_0.5_3.5,cap_gun_shooting,train,train,26
73KLTq7YHlI_000022_000032_3.0_9.0,cap_gun_shooting,train,train,50
8ALwSP590T8_000016_000026_1.0_5.0,cap_gun_shooting,train,train,34
8ALwSP590T8_000016_000026_3.0_6.5,cap_gun_shooting,train,val,30
9BWk_znR_34_000000_000010_5.5_9.5,cap_gun_shooting,train,train,34
9ZMABXJhIfs_000002_000012_5.0_9.5,cap_gun_shooting,train,train,38
9alAw7uN_1Q_000106_000116_0.0_3.0,cap_gun_shooting,train,train,26
9alAw7uN_1Q_000106_000116_2.5_8.0,cap_gun_shooting,train,val,46
A2z3KHbvQm4_000153_000163_6.5_10.0,cap_gun_shooting,train,train,30
BGt5V7fL2fo_000127_000137_1.5_4.5,cap_gun_shooting,train,train,26
BrNIrhu-yn8_000025_000035_0.0_3.5,cap_gun_shooting,train,train,30
BrNIrhu-yn8_000025_000035_7.0_10.0,cap_gun_shooting,train,train,26
C5bp4lRcfJY_000043_000053_0.0_3.0,cap_gun_shooting,train,train,26
CJU5llTnYUw_000010_000020_0.0_6.5,cap_gun_shooting,train,train,54
CJU5llTnYUw_000035_000045_5.0_10.0,cap_gun_shooting,train,train,42
DEL5u48gdL4_000160_000170_3.5_7.0,cap_gun_shooting,train,train,30
ERSmiGXdHWY_000014_000024_1.0_4.5,cap_gun_shooting,train,train,30
FmKXn6BodjE_000145_000155_4.0_7.0,cap_gun_shooting,train,train,26
GMW2jeYLrhk_000100_000110_3.0_10.0,cap_gun_shooting,train,train,58
GXyAFwf0nI8_000014_000024_0.0_3.0,cap_gun_shooting,train,train,26
GoImCFehKpE_000089_000099_5.5_9.0,cap_gun_shooting,train,val,30
I5WfHw8qlfI_000256_000266_0.0_4.5,cap_gun_shooting,train,val,38
Iyt_2Z9QrXM_000018_000028_3.0_6.0,cap_gun_shooting,train,train,26
KHg9A1o9rCs_000006_000016_2.0_8.0,cap_gun_shooting,train,train,50
KrAqLdfabus_000436_000446_1.5_6.0,cap_gun_shooting,train,train,38
L8vZK-7-c_Y_000080_000090_3.5_8.5,cap_gun_shooting,train,val,42
M60XROTcN7M_000385_000395_5.0_8.0,cap_gun_shooting,train,train,26
MIx6I90Y-LU_000015_000025_0.0_3.5,cap_gun_shooting,train,train,30
OpJHCquEX6M_000003_000013_0.0_5.5,cap_gun_shooting,train,train,46
P1SwIuCQHyU_000059_000069_1.0_4.0,cap_gun_shooting,train,train,26
PNZ-MM4HNq4_000038_000048_1.0_5.5,cap_gun_shooting,train,train,38
QIT6l8y0_cE_000052_000062_1.5_7.0,cap_gun_shooting,train,train,46
QirKIve2uow_000175_000185_1.5_6.0,cap_gun_shooting,train,train,38
QnLbyf0QHPE_000095_000105_0.0_8.0,cap_gun_shooting,train,train,66
RvE_Q8PGevQ_000000_000010_3.5_10.0,cap_gun_shooting,train,train,54
UabHrqsUlRY_000014_000024_0.0_7.0,cap_gun_shooting,train,train,58
V16JPartWQ8_000042_000052_1.0_4.0,cap_gun_shooting,train,val,26
WeXjWonSHxc_000022_000032_2.0_5.0,cap_gun_shooting,train,train,26
X-W-q9ARCc8_000067_000077_6.5_10.0,cap_gun_shooting,train,train,30
YLR6fv6tYzc_000028_000038_7.0_10.0,cap_gun_shooting,train,train,26
Yk1_O1SvfRs_000046_000056_1.5_5.5,cap_gun_shooting,train,train,34
_MDHC7_a63w_000120_000130_5.0_9.0,cap_gun_shooting,train,train,34
a-zw3NR4Euk_000297_000307_6.5_9.5,cap_gun_shooting,train,train,26
afMLrxgCLAg_000001_000011_2.5_5.5,cap_gun_shooting,train,train,26
c-b70nmvK5k_000005_000015_2.5_5.5,cap_gun_shooting,train,train,26
dnWZREiV5d4_000049_000059_0.0_7.5,cap_gun_shooting,train,train,62
eDRb3RkrlhY_000003_000013_0.0_4.0,cap_gun_shooting,train,val,34
emRT2KwmU5E_000030_000040_0.5_3.5,cap_gun_shooting,train,train,26
emRT2KwmU5E_000030_000040_2.5_8.5,cap_gun_shooting,train,train,50
f5m2QKJwQbI_000030_000040_1.0_5.0,cap_gun_shooting,train,train,34
flBsIp0uJAU_000017_000027_0.0_3.0,cap_gun_shooting,train,train,26
g8Il7SnkD6E_000034_000044_2.0_6.0,cap_gun_shooting,train,val,34
gBbgK1MNsNQ_000001_000011_0.0_10.0,cap_gun_shooting,train,train,82
gE_SWlHEVHY_000105_000115_6.0_9.5,cap_gun_shooting,train,train,30
gE_SWlHEVHY_000258_000268_2.0_6.0,cap_gun_shooting,train,train,34
gteCxqZ98g0_000161_000171_6.0_9.5,cap_gun_shooting,train,train,30
iZR9dpO64NA_000011_000021_0.0_3.0,cap_gun_shooting,train,train,26
j1NgLtsilag_000010_000020_0.0_4.0,cap_gun_shooting,train,train,34
j1NgLtsilag_000010_000020_2.0_6.5,cap_gun_shooting,train,train,38
lusSgj4qa1I_000100_000110_1.0_10.0,cap_gun_shooting,train,train,74
niMxeHPXvMw_000023_000033_0.0_3.0,cap_gun_shooting,train,train,26
oU0z8fAJBxw_000307_000317_5.5_10.0,cap_gun_shooting,train,train,38
olgOjusBWeY_000400_000410_4.0_9.5,cap_gun_shooting,train,train,46
pRc_dHSgMJw_000015_000025_6.5_9.5,cap_gun_shooting,train,train,26
qZ4awmlj8Ns_000036_000046_7.0_10.0,cap_gun_shooting,train,train,26
rva3qb0DOgo_000072_000082_3.0_6.5,cap_gun_shooting,train,train,30
tIkbDp-xQZk_000105_000115_6.5_10.0,cap_gun_shooting,train,train,30
uhPmfykA5iY_000400_000410_0.0_3.0,cap_gun_shooting,train,train,26
xL91MHa3Rz0_000380_000390_0.0_3.0,cap_gun_shooting,train,train,26
xru0ei34zcI_000097_000107_1.5_5.0,cap_gun_shooting,train,train,30
yp7ma0sXLbs_000016_000026_0.0_3.0,cap_gun_shooting,train,train,26
07tE4aqjZuE_000030_000040_3.5_7.5,chicken_crowing,train,val,34
0F0YvdKcUu0_000040_000050_0.0_4.0,chicken_crowing,train,train,34
0U6ebFYFPjk_000030_000040_1.0_4.0,chicken_crowing,train,train,26
0_I6B2Z0rE4_000054_000064_0.0_4.0,chicken_crowing,train,train,34
27wIu9FCMJQ_000027_000037_1.0_5.0,chicken_crowing,train,train,34
2ngbRYHDfWY_000025_000035_5.5_9.0,chicken_crowing,train,train,30
46zbt7TQHRs_000000_000010_4.5_8.0,chicken_crowing,train,train,30
5-FM0mCYups_000003_000013_3.5_6.5,chicken_crowing,train,train,26
5jRHJtBf9mI_000002_000012_6.0_9.5,chicken_crowing,train,train,30
6jsrzHghu3s_000000_000010_4.5_9.0,chicken_crowing,train,train,38
70EYv6ihyhQ_000030_000040_0.5_4.0,chicken_crowing,train,val,30
8SsqNY0_dHM_000024_000034_2.5_5.5,chicken_crowing,train,train,26
8SsqNY0_dHM_000024_000034_3.5_7.5,chicken_crowing,train,train,34
9U4iFcchO6g_000034_000044_0.0_4.0,chicken_crowing,train,train,34
9j3QuUqaOmw_000130_000140_5.5_10.0,chicken_crowing,train,train,38
A58nnmnhfUo_000001_000011_3.5_7.0,chicken_crowing,train,train,30
A6GuZLAVqbI_000110_000120_0.5_4.5,chicken_crowing,train,train,34
ANjYA_ok2hI_000009_000019_3.5_6.5,chicken_crowing,train,train,26
AUG9XJrYopM_000000_000010_0.0_3.0,chicken_crowing,train,train,26
B9ZQfpwK--8_000050_000060_0.0_4.0,chicken_crowing,train,train,34
B9ZQfpwK--8_000050_000060_0.0_3.5,chicken_crowing,train,train,30
BleBqimXGdw_000012_000022_1.0_5.0,chicken_crowing,train,train,34
Cg_I1pc51kg_000070_000080_1.0_4.0,chicken_crowing,train,val,26
Eqmq5iMK6nU_000040_000050_0.5_3.5,chicken_crowing,train,train,26
F3KjVp2lZio_000190_000200_5.0_9.0,chicken_crowing,train,train,34
F3t3NRFYM_Q_000010_000020_4.0_7.0,chicken_crowing,train,train,26
FUiAOhrm63E_000015_000025_5.0_8.5,chicken_crowing,train,val,30
Fe_HtA5zw9U_000012_000022_5.0_9.0,chicken_crowing,train,train,34
Fqy0eMO3-rQ_000073_000083_4.5_10.0,chicken_crowing,train,train,46
FxgAwrXenok_000001_000011_5.5_8.5,chicken_crowing,train,train,26
HDzYSpSSnvE_000010_000020_0.0_5.0,chicken_crowing,train,train,42
HbsniEGbyik_000030_000040_1.0_6.5,chicken_crowing,train,train,46
II85Ieg2TYc_000070_000080_6.5_10.0,chicken_crowing,train,train,30
INakOVhEFtY_000025_000035_0.0_5.5,chicken_crowing,train,train,46
INakOVhEFtY_000030_000040_6.0_10.0,chicken_crowing,train,train,34
K3CenN7d30Y_000030_000040_0.0_3.5,chicken_crowing,train,train,30
KRn0pi_BArA_000010_000020_0.0_3.5,chicken_crowing,train,train,30
KRn0pi_BArA_000010_000020_2.0_6.0,chicken_crowing,train,train,34
LSA8ZgjlFJ0_000080_000090_0.0_3.0,chicken_crowing,train,train,26
LSA8ZgjlFJ0_000080_000090_0.0_3.5,chicken_crowing,train,val,30
M_P-Md-SsQ4_000007_000017_5.5_8.5,chicken_crowing,train,val,26
Mr3usoMgUd0_000038_000048_4.5_7.5,chicken_crowing,train,train,26
NcIR-UiXJI0_000030_000040_0.0_5.0,chicken_crowing,train,train,42
NdM4CrObHE0_000022_000032_5.5_9.0,chicken_crowing,train,train,30
Nnq9kx_ExC4_000030_000040_0.0_5.0,chicken_crowing,train,val,42
PlsgUJqm8HE_000030_000040_0.5_6.0,chicken_crowing,train,train,46
QS0ijXZn3lM_000008_000018_7.0_10.0,chicken_crowing,train,train,26
RfJAPX3bHgQ_000000_000010_2.5_5.5,chicken_crowing,train,train,26
UPKnkMX8moM_000015_000025_0.5_3.5,chicken_crowing,train,train,26
VKu9ckxmhAw_000010_000020_0.0_4.0,chicken_crowing,train,train,34
VNs8qiFvwfk_000030_000040_2.5_6.0,chicken_crowing,train,train,30
VoWYsAcibqM_000113_000123_2.0_5.0,chicken_crowing,train,train,26
WGhLHnIrO98_000065_000075_6.5_9.5,chicken_crowing,train,train,26
WV-t-cB6K-8_000030_000040_0.0_3.0,chicken_crowing,train,train,26
X6pk3KmN4t0_000010_000020_6.0_10.0,chicken_crowing,train,train,34
YAKvKogi_3s_000030_000040_6.0_10.0,chicken_crowing,train,val,34
a-X7Ri2jEzE_000090_000100_0.5_3.5,chicken_crowing,train,train,26
a3Iqv8K0_XE_000013_000023_4.0_8.5,chicken_crowing,train,train,38
a3Iqv8K0_XE_000013_000023_6.5_10.0,chicken_crowing,train,train,30
a3Iqv8K0_XE_000030_000040_2.5_6.0,chicken_crowing,train,train,30
a3Iqv8K0_XE_000030_000040_4.0_8.5,chicken_crowing,train,train,38
aaGL5l7WEZc_000030_000040_6.0_10.0,chicken_crowing,train,train,34
bKbWi0MSoQk_000032_000042_6.5_9.5,chicken_crowing,train,train,26
bezUdnkWlSs_000010_000020_1.5_5.0,chicken_crowing,train,train,30
cPkmeDIcyVA_000030_000040_2.0_5.5,chicken_crowing,train,train,30
eQRSBs5ox7I_000094_000104_5.5_10.0,chicken_crowing,train,val,38
eRsuAfoCN8A_000006_000016_5.0_8.5,chicken_crowing,train,train,30
eRsuAfoCN8A_000008_000018_2.5_7.0,chicken_crowing,train,train,38
eRsuAfoCN8A_000008_000018_6.5_9.5,chicken_crowing,train,train,26
fIzqm8CUV3k_000013_000023_3.5_8.5,chicken_crowing,train,train,42
fIzqm8CUV3k_000069_000079_0.5_3.5,chicken_crowing,train,val,26
fIzqm8CUV3k_000069_000079_1.5_5.5,chicken_crowing,train,train,34
gDSYB2VcRFU_000027_000037_6.5_10.0,chicken_crowing,train,train,30
gKvJr_8728A_000002_000012_4.5_8.0,chicken_crowing,train,train,30
hHs5je_FTaM_000090_000100_3.5_7.0,chicken_crowing,train,train,30
hHs5je_FTaM_000090_000100_5.0_9.5,chicken_crowing,train,train,38
htKnR_TRgLM_000016_000026_1.0_5.0,chicken_crowing,train,train,34
iC1jyQEyhWw_000030_000040_4.0_8.5,chicken_crowing,train,train,38
iEA86sH3Nx0_000030_000040_0.0_4.0,chicken_crowing,train,train,34
jb20hKUYHYo_000013_000023_2.5_7.0,chicken_crowing,train,train,38
m-ftjmX6NmE_000068_000078_1.0_7.0,chicken_crowing,train,train,50
q-CDpV9bFXE_000074_000084_7.0_10.0,chicken_crowing,train,train,26
qOlNSyysyuI_000005_000015_2.5_6.5,chicken_crowing,train,train,34
tQd9tnArz30_000060_000070_1.0_4.5,chicken_crowing,train,train,30
tQd9tnArz30_000060_000070_4.5_7.5,chicken_crowing,train,train,26
taVKHcgqUew_000001_000011_3.5_6.5,chicken_crowing,train,train,26
x76-gh2JVy8_000241_000251_2.5_8.5,chicken_crowing,train,train,50
xqN9wj_QgIA_000030_000040_4.5_10.0,chicken_crowing,train,train,46
zBeMgfK69C8_000030_000040_2.0_6.0,chicken_crowing,train,train,34
zrfapKLZwAU_000030_000040_5.0_9.0,chicken_crowing,train,train,34
-AWooU1PDiM_000070_000080_0.0_6.5,dog_barking,train,val,54
077_m7wNT3I_000020_000030_7.0_10.0,dog_barking,train,train,26
0Cw7T_rMgn0_000002_000012_1.0_5.0,dog_barking,train,train,34
12lHWBzDR9E_000030_000040_1.5_10.0,dog_barking,train,train,70
2KyV_FKgm5A_000034_000044_1.0_5.0,dog_barking,train,train,34
2doTYxZzbTU_000031_000041_3.0_6.0,dog_barking,train,train,26
2l0BcqqUwc4_000140_000150_5.0_10.0,dog_barking,train,train,42
3-M_MA09Tgc_000018_000028_1.5_5.0,dog_barking,train,train,30
4jW7xTLOjtc_000043_000053_1.0_7.0,dog_barking,train,train,50
4pxb7e1U6VU_000177_000187_7.0_10.0,dog_barking,train,train,26
4x2OdlSk5Ms_000545_000555_1.0_5.0,dog_barking,train,val,34
5csYYtS7Pck_000020_000030_0.0_8.0,dog_barking,train,train,66
5nAvo9b2_SY_000020_000030_5.0_10.0,dog_barking,train,train,42
63Yp1mEiLwU_000012_000022_0.0_3.0,dog_barking,train,train,26
6zLh9GczKOk_000030_000040_2.0_7.5,dog_barking,train,train,46
7KSXUptBBYQ_000090_000100_4.0_8.0,dog_barking,train,train,34
89lLjaKtXKU_000014_000024_6.0_10.0,dog_barking,train,train,34
8K7OiwKgR08_000010_000020_3.5_6.5,dog_barking,train,train,26
8TWtLCjUI5I_000000_000010_3.5_6.5,dog_barking,train,train,26
8fMnn6coUhQ_000000_000010_4.0_10.0,dog_barking,train,train,50
92vVMZ4Zkcc_000000_000010_7.0_10.0,dog_barking,train,train,26
9l0yZyQ7GY4_000010_000020_2.0_6.5,dog_barking,train,train,38
AF0CtMb81t8_000030_000040_2.5_6.0,dog_barking,train,val,30
AfPPvn41T38_000028_000038_0.5_10.0,dog_barking,train,train,78
Ao4ls4kFejw_000050_000060_3.0_6.0,dog_barking,train,train,26
AyRHwZyYxEs_000003_000013_0.0_5.0,dog_barking,train,train,42
B6kHGmBYycY_000030_000040_0.0_4.0,dog_barking,train,val,34
BCcdatk468s_000070_000080_0.0_8.0,dog_barking,train,train,66
Bqqk2iB4Uq4_000018_000028_3.5_6.5,dog_barking,train,train,26
Bs6a7tENmJQ_000040_000050_5.5_8.5,dog_barking,train,train,26
CM5W31FRa7o_000030_000040_5.0_10.0,dog_barking,train,train,42
CNxIeasZD74_000020_000030_0.0_4.0,dog_barking,train,train,34
CgrFzqunnEk_000062_000072_3.0_7.5,dog_barking,train,train,38
CtUZ9HljxMQ_000021_000031_0.0_5.0,dog_barking,train,train,42
Ew71HjD-tgA_000020_000030_0.5_8.0,dog_barking,train,train,62
Ey7CIPAeqsY_000030_000040_3.5_6.5,dog_barking,train,train,26
Fon1IZ0fRSI_000000_000010_2.5_8.0,dog_barking,train,train,46
HhQ41vxrZmE_000030_000040_3.0_9.0,dog_barking,train,train,50
I3kPmcHvMrg_000030_000040_2.5_6.5,dog_barking,train,train,34
Im1UwtffSmY_000030_000040_4.0_8.5,dog_barking,train,val,38
Iuaa8zzjW8E_000037_000047_1.5_4.5,dog_barking,train,val,26
JXBNGfDy2DY_000354_000364_2.5_10.0,dog_barking,train,train,62
LpfewILEuUU_000020_000030_6.5_10.0,dog_barking,train,train,30
MgD5JedaXGs_000020_000030_0.0_3.5,dog_barking,train,train,30
MkJuGDph-1k_000070_000080_0.5_10.0,dog_barking,train,val,78
Mqfm03TuWRY_000068_000078_2.5_8.0,dog_barking,train,train,46
MrrxA1Doh-g_000007_000017_4.0_9.5,dog_barking,train,train,46
NDsC25x_gUI_000060_000070_0.0_6.5,dog_barking,train,train,54
P2GpecJsMqk_000030_000040_1.5_9.5,dog_barking,train,train,66
PpM8yYTUzkE_000002_000012_0.0_3.0,dog_barking,train,train,26
QflNRgKJPkU_000028_000038_7.0_10.0,dog_barking,train,train,26
RVYyr7RO8ck_000080_000090_6.5_10.0,dog_barking,train,train,30
Sbo4kYSnOuk_000010_000020_6.0_9.0,dog_barking,train,train,26
T79l7dlAsi8_000035_000045_0.0_6.5,dog_barking,train,train,54
UfAH9j7mCbA_000000_000010_6.0_9.5,dog_barking,train,train,30
WJ2yas2yKxw_000020_000030_0.0_4.0,dog_barking,train,val,34
WhwVPD7OXqo_000146_000156_0.0_3.0,dog_barking,train,train,26
XCcB-gEsCbc_000053_000063_0.0_4.5,dog_barking,train,train,38
Xecb_5XO81Q_000010_000020_0.0_4.5,dog_barking,train,train,38
XnB0E1Z-Sjo_000029_000039_4.0_7.0,dog_barking,train,train,26
YTfBkI7sVjE_000013_000023_6.0_9.0,dog_barking,train,train,26
YpOiSBMXn3o_000060_000070_1.5_4.5,dog_barking,train,train,26
Yvx9iGdJaWA_000024_000034_6.0_9.5,dog_barking,train,train,30
ZDVZ6MgbwuE_000027_000037_1.0_4.5,dog_barking,train,train,30
_ndvkNuB76U_000051_000061_1.5_6.5,dog_barking,train,train,42
b9Jzj2cmWvQ_000010_000020_4.5_10.0,dog_barking,train,val,46
bLc18GgFNwA_000070_000080_5.0_10.0,dog_barking,train,train,42
cOCvrRkr7Dc_000010_000020_7.0_10.0,dog_barking,train,train,26
cRt6_axWZqY_000020_000030_6.5_10.0,dog_barking,train,train,30
dzYF7gLRnoU_000000_000010_0.0_10.0,dog_barking,train,train,82
fVx5NBw1diU_000090_000100_3.0_7.0,dog_barking,train,val,34
fw_ax5zqw9g_000100_000110_0.0_10.0,dog_barking,train,train,82
gRi0-hqHqB4_000012_000022_6.0_9.0,dog_barking,train,train,26
h0d3HZsVHgg_000205_000215_0.0_4.0,dog_barking,train,train,34
hMS66vFwJN8_000030_000040_0.0_5.0,dog_barking,train,train,42
iETRoK0dKxs_000020_000030_6.0_10.0,dog_barking,train,train,34
iFPv4jv46ZM_000000_000010_5.0_8.0,dog_barking,train,train,26
kJuv-u4V5pI_000077_000087_2.5_7.5,dog_barking,train,train,42
m6PBJSI-HyI_000030_000040_7.0_10.0,dog_barking,train,train,26
oqU8SM6DKD0_000019_000029_0.5_3.5,dog_barking,train,train,26
qJabn6CtR2g_000025_000035_5.0_9.0,dog_barking,train,train,34
rgeNP5nGQek_000200_000210_5.5_10.0,dog_barking,train,train,38
sRKyvq20rY4_000002_000012_0.0_3.5,dog_barking,train,train,30
t2xJjZp1D1E_000009_000019_0.0_3.0,dog_barking,train,train,26
tOXfOfn_QaA_000020_000030_6.5_10.0,dog_barking,train,train,30
ux7HhOxMRE4_000020_000030_7.0_10.0,dog_barking,train,train,26
wNQ3qOpy2Eo_000150_000160_1.5_5.5,dog_barking,train,train,34
wlGiRzk8o5w_000020_000030_4.0_10.0,dog_barking,train,train,50
z88jt7qWYtY_000020_000030_7.0_10.0,dog_barking,train,train,26
zcX7z-03aLM_000006_000016_2.5_6.0,dog_barking,train,train,30
0aA8V88_djQ_000010_000020_1.5_4.5,frog_croaking,train,val,26
0sIYpf3_JWQ_000058_000068_0.0_5.0,frog_croaking,train,train,42
1eVRq4bFKqI_000011_000021_3.5_8.0,frog_croaking,train,train,38
1hAUWw7L3BY_000165_000175_0.0_3.5,frog_croaking,train,train,30
2FAUhONUM4k_000002_000012_0.0_3.0,frog_croaking,train,train,26
2d43OFDr5aI_000001_000011_0.0_3.5,frog_croaking,train,train,30
2d43OFDr5aI_000001_000011_2.0_6.0,frog_croaking,train,train,34
3mebfy8rMKs_000000_000010_1.5_4.5,frog_croaking,train,train,26
4Kasu4SBTsI_000004_000014_7.0_10.0,frog_croaking,train,train,26
4sXlS5b1ddU_000016_000026_5.5_8.5,frog_croaking,train,train,26
5A9rQUuJgBU_000010_000020_0.0_3.5,frog_croaking,train,val,30
6UYP_v7eipM_000009_000019_7.0_10.0,frog_croaking,train,train,26
6ZiqMB3DZXw_000161_000171_1.0_4.5,frog_croaking,train,train,30
6ZiqMB3DZXw_000161_000171_2.5_5.5,frog_croaking,train,train,26
6vfqtuV6Law_000005_000015_1.0_4.0,frog_croaking,train,train,26
6vfqtuV6Law_000005_000015_1.5_4.5,frog_croaking,train,train,26
6vfqtuV6Law_000048_000058_2.5_6.0,frog_croaking,train,train,30
6zIM8ZcO1ks_000030_000040_3.3_5.5,frog_croaking,train,train,19
6zIM8ZcO1ks_000030_000040_5.0_8.5,frog_croaking,train,train,30
CC4NGM8XDg8_000069_000079_4.0_8.0,frog_croaking,train,train,34
CDWFu6k3Fyc_000305_000315_3.0_8.0,frog_croaking,train,train,42
CkxunRx3_-o_000000_000010_4.0_7.0,frog_croaking,train,train,26
CkxunRx3_-o_000000_000010_5.0_8.0,frog_croaking,train,val,26
CocisZxgkVU_000022_000032_1.0_4.5,frog_croaking,train,train,30
E68sGobO5GA_000000_000010_0.0_3.5,frog_croaking,train,train,30
E68sGobO5GA_000011_000021_0.5_3.5,frog_croaking,train,train,26
G9fePINE3lU_000008_000018_0.0_5.0,frog_croaking,train,val,42
GwlX_hzX6q4_000044_000054_0.0_3.5,frog_croaking,train,train,30
GwlX_hzX6q4_000044_000054_1.5_10.0,frog_croaking,train,train,70
Ie8zudWfCMc_000069_000079_1.3_3.5,frog_croaking,train,train,19
J7CT4ItmR_8_000000_000010_3.5_7.0,frog_croaking,train,train,30
JF4V_YfGiRw_000073_000083_0.5_4.0,frog_croaking,train,train,30
K3vQVtQElqA_000000_000010_5.0_8.0,frog_croaking,train,train,26
KWycgaVeTK8_000000_000010_0.0_5.0,frog_croaking,train,train,42
KWycgaVeTK8_000028_000038_0.0_3.0,frog_croaking,train,train,26
MxlKNay7Kcs_000004_000014_0.0_7.0,frog_croaking,train,train,58
MxlKNay7Kcs_000032_000042_1.0_3.5,frog_croaking,train,train,22
PESOZDnR-d4_000017_000027_2.8_8.5,frog_croaking,train,train,47
PUTvgrTcdZ0_000014_000024_0.0_5.0,frog_croaking,train,train,42
PUTvgrTcdZ0_000014_000024_3.0_8.5,frog_croaking,train,val,46
PvnP164MdVM_000070_000080_6.0_9.0,frog_croaking,train,val,26
QUvop5uXVNM_000015_000025_4.0_7.0,frog_croaking,train,train,26
Sb6bqVDpZd4_000008_000018_4.5_8.5,frog_croaking,train,train,34
T0Epkxs28YM_000002_000012_5.5_10.0,frog_croaking,train,train,38
UmW_hSc4M18_000000_000010_0.5_4.0,frog_croaking,train,val,30
UmW_hSc4M18_000000_000010_2.0_6.0,frog_croaking,train,train,34
VDuvK0u8XyY_000012_000022_2.0_5.0,frog_croaking,train,train,26
VbCdxSAO4fg_000078_000088_5.0_7.2,frog_croaking,train,train,19
VrNMvugPPUI_000002_000012_0.0_9.0,frog_croaking,train,train,74
XLBPzBDvu3U_000031_000041_0.5_4.0,frog_croaking,train,train,30
XcFKQKjv0-o_000011_000021_0.0_7.0,frog_croaking,train,train,58
XcFKQKjv0-o_000011_000021_6.5_10.0,frog_croaking,train,train,30
XcFKQKjv0-o_000024_000034_5.0_10.0,frog_croaking,train,train,42
Xmm6UGn8ku0_000041_000051_2.5_4.8,frog_croaking,train,train,20
ZnqQ0cZZg1Y_000005_000015_0.5_4.5,frog_croaking,train,train,34
ZnqQ0cZZg1Y_000005_000015_3.5_7.5,frog_croaking,train,val,34
_bTgFkmACf0_000053_000063_1.5_5.0,frog_croaking,train,train,30
_cW-ybXSseo_000017_000027_3.5_6.5,frog_croaking,train,train,26
c2S1Iyoxc2I_000135_000145_4.0_8.0,frog_croaking,train,train,34
c8YyQa4LpCk_000007_000017_1.0_4.5,frog_croaking,train,train,30
csz8nquY3Yw_000000_000010_7.0_10.0,frog_croaking,train,train,26
csz8nquY3Yw_000024_000034_0.0_8.0,frog_croaking,train,train,66
eCqHJknk-eQ_000032_000042_4.0_7.5,frog_croaking,train,train,30
euaiZGM4brA_000039_000049_0.0_3.0,frog_croaking,train,train,26
fPCwL7tr72A_000001_000011_2.5_7.5,frog_croaking,train,train,42
fPCwL7tr72A_000019_000029_3.0_7.0,frog_croaking,train,val,34
figAt3ZN1Iw_000028_000038_0.0_4.0,frog_croaking,train,train,34
fjtYm7UI7LM_000125_000135_0.0_10.0,frog_croaking,train,train,82
hDSt7FDyK4w_000022_000032_2.0_5.0,frog_croaking,train,train,26
hKR3zSW9qLk_000020_000030_0.0_6.0,frog_croaking,train,train,50
hnfkbigyqIo_000055_000065_3.0_7.0,frog_croaking,train,val,34
hnfkbigyqIo_000098_000108_1.0_7.0,frog_croaking,train,train,50
i_hhSKWxzeU_000038_000048_4.0_9.5,frog_croaking,train,train,46
kU2p7MP0mgw_000073_000083_6.5_9.5,frog_croaking,train,train,26
keNmi7UyZac_000007_000017_0.5_4.5,frog_croaking,train,train,34
oJ8r0hglNZ4_000024_000034_6.5_9.5,frog_croaking,train,train,26
oyluGCZUz54_000002_000012_0.0_3.5,frog_croaking,train,train,30
oyluGCZUz54_000022_000032_3.8_6.0,frog_croaking,train,train,19
pdQyaAGodI0_000004_000014_3.5_7.0,frog_croaking,train,train,30
pk8TeYzd0T4_000008_000018_0.0_4.5,frog_croaking,train,train,38
tYzH5rkbuBQ_000000_000010_1.5_5.0,frog_croaking,train,train,30
u9Llxysyi2I_000020_000030_7.3_9.5,frog_croaking,train,train,19
vNH2yj87FJA_000009_000019_0.0_4.0,frog_croaking,train,train,34
wbXItUDliuo_000087_000097_0.0_3.0,frog_croaking,train,train,26
wbXItUDliuo_000087_000097_0.5_3.5,frog_croaking,train,train,26
y91DmqNJupw_000052_000062_2.5_5.0,frog_croaking,train,train,22
y91DmqNJupw_000052_000062_3.0_10.0,frog_croaking,train,train,58
yBcw-FUH0Ow_000019_000029_0.5_4.5,frog_croaking,train,train,34
yV1P9fZ9_os_000035_000045_4.0_7.0,frog_croaking,train,train,26
zdrhlgiffeo_000012_000022_3.5_8.0,frog_croaking,train,train,38
-1VcGT09lUI_000208_000218_0.5_3.5,hammering,train,val,26
-Wigi5NZWPY_000047_000057_0.0_3.0,hammering,train,train,26
0ms8GQ5eiho_000022_000032_3.5_6.5,hammering,train,train,26
0yZq5SPNaTQ_000425_000435_0.0_3.5,hammering,train,train,30
17-jQfwBk44_000202_000212_4.0_6.0,hammering,train,train,18
2y3UxGJK2uw_000495_000505_0.5_3.5,hammering,train,train,26
3-1aolaLnJ4_000036_000046_6.5_10.0,hammering,train,train,30
51RuE59C1Jc_000079_000089_0.0_4.5,hammering,train,train,38
5WbYvoqG3fo_000074_000084_3.5_6.3,hammering,train,train,24
5WbYvoqG3fo_000138_000148_4.0_9.0,hammering,train,train,42
8swkDgCkrGs_000006_000016_1.5_8.0,hammering,train,val,54
99DwikhJpcg_000011_000021_2.5_5.5,hammering,train,train,26
99DwikhJpcg_000021_000031_4.5_8.0,hammering,train,train,30
9r65ytaWJfA_000231_000241_5.0_8.0,hammering,train,train,26
AYwvKymS-BU_000070_000080_2.0_5.5,hammering,train,train,30
AYwvKymS-BU_000080_000090_2.0_5.0,hammering,train,train,26
AeBc20MLAic_000248_000258_0.0_3.0,hammering,train,train,26
B8m0Dau1HbM_000053_000063_0.0_2.0,hammering,train,train,18
BZK5xQsIMfs_000020_000030_4.0_8.5,hammering,train,train,38
BZK5xQsIMfs_000072_000082_3.0_5.5,hammering,train,train,22
DSp4wteM0Cs_000247_000257_5.9_8.0,hammering,train,train,18
DSp4wteM0Cs_000247_000257_6.0_9.5,hammering,train,train,30
EXrUYmn6SXc_000045_000055_0.5_4.0,hammering,train,val,30
FnJIoPY7gBE_000076_000086_0.0_3.0,hammering,train,train,26
FnJIoPY7gBE_000076_000086_1.5_6.5,hammering,train,train,42
GhB5NIT7zFA_000135_000145_4.5_9.5,hammering,train,train,42
Hmp0x7LBCo0_000008_000018_1.0_5.5,hammering,train,val,38
JKQG9DW78Rs_000063_000073_4.0_7.0,hammering,train,train,26
K-Zg1-fR9kU_000088_000098_3.0_6.0,hammering,train,train,26
MBICpOiWZks_000014_000024_2.5_8.5,hammering,train,train,50
MN4D-0ukfJY_000001_000011_5.5_9.0,hammering,train,train,30
MN4D-0ukfJY_000011_000021_1.0_4.0,hammering,train,train,26
Mwathy0O9jU_000043_000053_6.0_9.0,hammering,train,train,26
NahtVXWXt3E_000378_000388_1.0_3.5,hammering,train,train,22
NahtVXWXt3E_000568_000578_0.0_3.0,hammering,train,train,26
OL0_rg-0sbk_000033_000043_4.5_6.5,hammering,train,train,18
QHqNbN6mo1Q_000013_000023_4.5_7.5,hammering,train,train,26
S7n8hhwq2GY_000039_000049_0.0_3.0,hammering,train,train,26
SLl3-jvTmBk_000068_000078_0.5_5.5,hammering,train,train,42
SQfTvzvUJ6k_000006_000016_0.0_4.5,hammering,train,val,38
SQfTvzvUJ6k_000006_000016_4.5_7.5,hammering,train,val,26
TaXGnHoNBQI_000104_000114_0.0_4.5,hammering,train,train,38
TaXGnHoNBQI_000329_000339_3.0_6.0,hammering,train,train,26
UhZphhr63WI_000065_000075_0.0_3.0,hammering,train,train,26
Vth_INW_-Hk_000137_000147_0.0_3.0,hammering,train,val,26
Vth_INW_-Hk_000137_000147_2.0_4.0,hammering,train,train,18
WKlfyztuZ7I_000062_000072_0.0_3.0,hammering,train,train,26
WM44aqAU8rw_000703_000713_1.5_9.5,hammering,train,train,66
XTDo4OaFapg_000100_000110_1.0_6.0,hammering,train,train,42
YTbGgxxln6g_000027_000037_0.0_7.0,hammering,train,train,58
Ydr_uNMUmZM_000056_000066_0.5_5.0,hammering,train,train,38
Z6e2O3Mk4a8_000069_000079_2.0_5.0,hammering,train,train,26
ZfGiSUAR1M0_000907_000917_0.5_3.5,hammering,train,train,26
acxk_5QZzNY_000000_000010_1.5_5.0,hammering,train,train,30
bjDSOZy0ox8_000015_000025_2.5_6.0,hammering,train,train,30
bjDSOZy0ox8_000015_000025_6.4_8.5,hammering,train,val,18
cDnmhQsKYLw_000027_000037_5.5_8.5,hammering,train,train,26
cyLuVr6KXAM_000000_000010_1.5_4.5,hammering,train,train,26
dK6eZGeDjZg_000148_000158_1.5_4.0,hammering,train,train,22
dhy3Cf2gcX8_000375_000385_1.5_4.5,hammering,train,train,26
f-zF4trKRfQ_000050_000060_6.5_10.0,hammering,train,train,30
f-zF4trKRfQ_000050_000060_6.5_8.5,hammering,train,train,18
fCAnce0whF4_000079_000089_7.0_10.0,hammering,train,train,26
fLEM7amr21o_000250_000260_1.5_4.5,hammering,train,train,26
fesUcNK6Nf0_000117_000127_7.0_10.0,hammering,train,train,26
fjhqZxE-USo_000024_000034_0.0_4.0,hammering,train,val,34
g1xMvAh1ifE_000066_000076_2.5_5.5,hammering,train,train,26
gcBUpboDmjc_000017_000027_4.5_6.5,hammering,train,train,18
gcBUpboDmjc_000033_000043_1.0_5.0,hammering,train,train,34
h3cFTbRIzdY_000106_000116_2.5_5.5,hammering,train,train,26
hirkeAwbrfY_000034_000044_4.0_7.0,hammering,train,val,26
hvhoZnyqYZI_000004_000014_6.0_9.5,hammering,train,train,30
i4woNas3E00_000150_000160_0.0_3.5,hammering,train,train,30
ipVVIkve0m4_000041_000051_7.0_10.0,hammering,train,train,26
ipVVIkve0m4_000055_000065_4.0_8.0,hammering,train,train,34
jMZTET3zw88_000048_000058_4.0_7.0,hammering,train,train,26
ja0fLBcuGiU_000096_000106_6.5_9.5,hammering,train,train,26
lBx-cRNnVC4_000029_000039_1.0_4.0,hammering,train,train,26
lptpDgCE0N4_000083_000093_0.0_3.0,hammering,train,train,26
nFixdaWQ0lw_000149_000159_7.0_10.0,hammering,train,train,26
nO9Z_kqsTjs_000083_000093_2.5_5.5,hammering,train,train,26
nlq4BIE0Lro_000029_000039_1.8_4.0,hammering,train,train,19
ntmttPBZemM_000416_000426_1.0_4.0,hammering,train,train,26
oQevoTroj0U_000108_000118_0.0_2.0,hammering,train,train,18
p_He36sZ-4A_000052_000062_0.0_2.0,hammering,train,train,18
tK9wN6b4MTw_000298_000308_1.5_4.5,hammering,train,train,26
wOCXCBg5otU_001116_001126_1.0_4.5,hammering,train,train,30
wOCXCBg5otU_001116_001126_2.5_5.5,hammering,train,train,26
xmpQBOEV9-Q_000119_000129_2.5_6.0,hammering,train,train,30
xmpQBOEV9-Q_000119_000129_4.0_8.0,hammering,train,train,34
-QlgGKvOyqs_000073_000083_3.5_7.5,lions_roaring,train,val,34
-d1lAtyWGrM_000017_000027_1.5_4.5,lions_roaring,train,train,26
0TqOnQyMK_Q_000114_000124_3.5_6.5,lions_roaring,train,train,26
2C4P_aYRC0o_000006_000016_0.0_3.5,lions_roaring,train,train,30
2C4P_aYRC0o_000006_000016_1.5_10.0,lions_roaring,train,train,70
30OKuAy9LNs_000035_000045_0.0_3.0,lions_roaring,train,train,26
3HSRX24Nj4Q_000003_000013_4.0_9.5,lions_roaring,train,train,46
3HSRX24Nj4Q_000018_000028_0.0_3.5,lions_roaring,train,train,30
4PQAJ_WycUo_000012_000022_1.0_4.0,lions_roaring,train,train,26
4YTzxIjvOb8_000002_000012_5.5_8.5,lions_roaring,train,train,26
5xOhn5QpvdE_000178_000188_4.0_7.5,lions_roaring,train,val,30
6YS3ewiOBkU_000007_000017_5.0_8.5,lions_roaring,train,train,30
73cfZ0ugMkc_000002_000012_0.5_8.5,lions_roaring,train,train,66
7tVmj7Ils8M_000026_000036_0.0_3.0,lions_roaring,train,train,26
9S4-bVB6v0Q_000005_000015_0.0_10.0,lions_roaring,train,train,82
9XxdLJCvRwI_000004_000014_0.0_3.5,lions_roaring,train,train,30
A2FMM_PmPf4_000037_000047_3.0_6.0,lions_roaring,train,train,26
ATq96KU_biQ_000000_000010_4.0_10.0,lions_roaring,train,train,50
AcDC26-jBvw_000039_000049_2.5_9.5,lions_roaring,train,train,58
AxeN3Geyzf4_000023_000033_1.5_5.5,lions_roaring,train,train,34
Bbq7hUbE6Eo_000056_000066_4.5_8.0,lions_roaring,train,train,30
Bi0wF7k2M4A_000054_000064_4.5_10.0,lions_roaring,train,train,46
Blmiz18_bZw_000008_000018_4.5_8.5,lions_roaring,train,val,34
C0i90WmUMvE_000109_000119_2.5_6.0,lions_roaring,train,train,30
C7ybHpzT-Wc_000018_000028_3.0_10.0,lions_roaring,train,train,58
Ck4V96rptIM_000013_000023_0.0_6.5,lions_roaring,train,train,54
D1nA_IqW72A_000002_000012_2.0_10.0,lions_roaring,train,val,66
DPlSp0M9Mgs_000009_000019_0.0_3.5,lions_roaring,train,train,30
DdiIdDTQKck_000077_000087_0.0_7.0,lions_roaring,train,train,58
EVaKVCwJJrQ_000001_000011_5.5_10.0,lions_roaring,train,train,38
EiTMXpC-jD4_000000_000010_4.5_7.5,lions_roaring,train,train,26
F-p8xsDSjnw_000030_000040_0.0_4.5,lions_roaring,train,train,38
F_w7uu4hmLU_000004_000014_0.0_10.0,lions_roaring,train,train,82
G7StfbQcxDU_000006_000016_0.0_10.0,lions_roaring,train,train,82
HiM0cqYAV7Q_000020_000030_0.5_5.5,lions_roaring,train,train,42
I0uqJiuZGcI_000087_000097_0.0_5.5,lions_roaring,train,train,46
JE0ThPjXiK0_000029_000039_6.0_9.0,lions_roaring,train,train,26
L7vPkRtLOec_000000_000010_3.5_10.0,lions_roaring,train,train,54
LhOobR33d9o_000025_000035_0.0_10.0,lions_roaring,train,train,82
LyUa30uGBhQ_000017_000027_0.0_8.5,lions_roaring,train,val,70
ML66Le-Zf78_000025_000035_2.5_7.5,lions_roaring,train,val,42
NSYSX_7fwag_000030_000040_0.0_10.0,lions_roaring,train,train,82
NgAjity9FRs_000001_000011_5.0_8.5,lions_roaring,train,train,30
NqSxZ2ZmjSU_000016_000026_5.5_9.5,lions_roaring,train,train,34
NvAScGaKUIA_000030_000040_0.5_10.0,lions_roaring,train,val,78
O3FBuQrOGQY_000025_000035_1.0_8.5,lions_roaring,train,train,62
OETKlLnE5vI_000002_000012_5.5_10.0,lions_roaring,train,train,38
P4prSPyPg1I_000007_000017_0.0_4.0,lions_roaring,train,train,34
RF-ULxC-GkA_000064_000074_3.5_8.5,lions_roaring,train,train,42
Rp37k5_Eci0_000030_000040_6.5_10.0,lions_roaring,train,train,30
RsYAulhucVI_000022_000032_0.0_10.0,lions_roaring,train,train,82
Sc-Nrze92ps_000014_000024_6.5_10.0,lions_roaring,train,train,30
UNGwgf483mA_000008_000018_6.5_9.5,lions_roaring,train,train,26
Usp6FviebGg_000015_000025_0.0_7.0,lions_roaring,train,train,58
Uu0JuSNp5V0_000011_000021_0.0_4.0,lions_roaring,train,train,34
Yqo41N8k31A_000132_000142_6.5_9.5,lions_roaring,train,val,26
bBMcsO6IeDE_000021_000031_0.0_4.5,lions_roaring,train,train,38
d-adbXZYHxI_000006_000016_6.0_9.5,lions_roaring,train,train,30
dbuR-rhArk0_000035_000045_0.0_3.0,lions_roaring,train,train,26
eD21sJSqdRs_000000_000010_6.0_10.0,lions_roaring,train,train,34
g5F9kDpxRaA_000014_000024_3.0_6.0,lions_roaring,train,train,26
gOaQmkAlhUA_000021_000031_4.0_10.0,lions_roaring,train,train,50
gyioxO7fWzI_000046_000056_1.5_4.5,lions_roaring,train,train,26
h5xjZrd4nhc_000052_000062_2.5_5.5,lions_roaring,train,train,26
h7Dh4HU8DzI_000002_000012_0.0_10.0,lions_roaring,train,train,82
hAOOvEmAY7c_000012_000022_2.5_8.0,lions_roaring,train,val,46
hNeXXJrQDyk_000008_000018_1.0_5.0,lions_roaring,train,train,34
hU9pd28hyhc_000003_000013_1.5_10.0,lions_roaring,train,train,70
ifGuIUPl1hE_000030_000040_0.0_10.0,lions_roaring,train,train,82
j-_QCfVQOAc_000006_000016_0.5_10.0,lions_roaring,train,train,78
kuH7oqSAcuY_000006_000016_5.0_10.0,lions_roaring,train,val,42
lwNQHu8yYwo_000028_000038_0.0_9.0,lions_roaring,train,train,74
ne3FEwgc3-g_000001_000011_1.0_10.0,lions_roaring,train,train,74
nvqlA_qxIEM_000012_000022_7.0_10.0,lions_roaring,train,train,26
oazPmtcHzwQ_000024_000034_0.5_4.5,lions_roaring,train,train,34
pC24FU_7YNs_000083_000093_0.0_3.5,lions_roaring,train,train,30
pMOQikEqxdw_000025_000035_0.5_10.0,lions_roaring,train,train,78
pgTZBjwf3qM_000009_000019_5.5_9.0,lions_roaring,train,train,30
qDoMWd3OS5Q_000014_000024_1.0_10.0,lions_roaring,train,train,74
rKvW0x3MDrk_000033_000043_3.0_6.0,lions_roaring,train,train,26
s9rXzaZ6JmI_000030_000040_6.5_10.0,lions_roaring,train,train,30
srsXEvgEuZU_000004_000014_0.0_7.5,lions_roaring,train,train,62
t0ZM-bMQDtI_000001_000011_3.5_6.5,lions_roaring,train,train,26
t6ptMKWbhew_000054_000064_4.0_7.0,lions_roaring,train,train,26
tbGbBpbCBvA_000007_000017_6.5_10.0,lions_roaring,train,train,30
tdC33AXcezQ_000007_000017_1.0_7.0,lions_roaring,train,train,50
uAyp9mSzQ_E_000003_000013_2.0_7.5,lions_roaring,train,train,46
uz2pxQKVBmY_000029_000039_0.0_4.5,lions_roaring,train,train,38
wuAcPWyHMXo_000008_000018_0.0_5.5,lions_roaring,train,train,46
yIYzyZzDnK8_000042_000052_0.0_7.0,lions_roaring,train,train,58
-L2ku2l9i5M_000020_000030_0.0_4.5,machine_gun_shooting,train,val,38
-LzsgrGPV6o_000030_000040_0.0_8.0,machine_gun_shooting,train,train,66
-NromfAJyZs_000030_000040_0.0_6.5,machine_gun_shooting,train,train,54
0Stq3XQqmYE_000010_000020_2.0_5.0,machine_gun_shooting,train,train,26
0jrsmryRhBQ_000654_000664_6.5_9.5,machine_gun_shooting,train,train,26
18rM7nNvjD8_000150_000160_5.0_8.5,machine_gun_shooting,train,train,30
1IrbIhduwYQ_000010_000020_0.0_7.0,machine_gun_shooting,train,train,58
35zwOkXkDt4_000224_000234_0.0_7.0,machine_gun_shooting,train,train,58
3d7rmZ09E5I_000051_000061_5.5_8.5,machine_gun_shooting,train,train,26
4CVZmsDTqr8_000262_000272_5.0_10.0,machine_gun_shooting,train,train,42
4zSpvvvFNRw_000050_000060_7.0_10.0,machine_gun_shooting,train,val,26
7BxgB1zoqKQ_000234_000244_0.0_4.5,machine_gun_shooting,train,train,38
7BxgB1zoqKQ_000322_000332_0.0_6.5,machine_gun_shooting,train,train,54
7FLyXxWy7Mo_000067_000077_0.0_5.5,machine_gun_shooting,train,train,46
7lTxJy-TVZU_000020_000030_0.0_3.5,machine_gun_shooting,train,train,30
7lTxJy-TVZU_000020_000030_0.0_6.0,machine_gun_shooting,train,train,50
7lxTe_gvcuI_000000_000010_0.0_10.0,machine_gun_shooting,train,train,82
850PpzdYeUU_000000_000010_1.5_8.5,machine_gun_shooting,train,train,58
88jxgPY-dQk_000050_000060_1.0_10.0,machine_gun_shooting,train,train,74
A-x6OnU8UR4_000012_000022_0.0_7.5,machine_gun_shooting,train,train,62
A6cqYLdIqmI_000359_000369_0.0_3.0,machine_gun_shooting,train,train,26
ASNVv0gTdCM_000020_000030_3.0_6.5,machine_gun_shooting,train,train,30
AwW31u6wYvE_000019_000029_0.5_6.5,machine_gun_shooting,train,val,50
B-VJERTwTJc_000178_000188_0.0_7.5,machine_gun_shooting,train,train,62
BSizVpfqFtw_000128_000138_6.8_9.0,machine_gun_shooting,train,train,19
C9n__zk2DY8_000061_000071_1.0_8.5,machine_gun_shooting,train,train,62
CP4AdJG80gY_000070_000080_1.5_4.5,machine_gun_shooting,train,val,26
E55BlYjxCYY_000011_000021_0.0_3.0,machine_gun_shooting,train,train,26
ERra12KuEvw_000153_000163_0.0_4.0,machine_gun_shooting,train,train,34
ERxpa14WnSo_000166_000176_0.0_4.5,machine_gun_shooting,train,train,38
FKjjWCqGQhs_000103_000113_1.0_7.0,machine_gun_shooting,train,train,50
FXBVm1l3by8_000020_000030_0.0_6.5,machine_gun_shooting,train,train,54
Ff4yfllWmq4_000010_000020_0.0_3.5,machine_gun_shooting,train,train,30
GnymzE-YFD8_000040_000050_5.5_10.0,machine_gun_shooting,train,train,38
GueOh9nkQ38_000080_000090_2.0_7.0,machine_gun_shooting,train,train,42
H2CJOf1-OoA_000030_000040_0.0_3.0,machine_gun_shooting,train,train,26
HIFv8XUBB2o_000323_000333_4.0_7.5,machine_gun_shooting,train,train,30
HY_lPyHyqLU_000183_000193_6.0_10.0,machine_gun_shooting,train,train,34
JAC0_tcY0T8_000030_000040_1.5_4.5,machine_gun_shooting,train,train,26
JQ95FH0N7ZQ_000020_000030_5.0_7.5,machine_gun_shooting,train,val,22
JuZ7UH1vqSQ_000070_000080_2.5_6.0,machine_gun_shooting,train,val,30
KJIqrmcwHqU_000025_000035_0.0_3.5,machine_gun_shooting,train,train,30
LIUowNjRNwE_000125_000135_0.0_3.5,machine_gun_shooting,train,train,30
LJppR-V0Wdc_000002_000012_0.0_3.0,machine_gun_shooting,train,train,26
LfNUJZh10oo_000025_000035_0.0_3.0,machine_gun_shooting,train,val,26
MSH0GwZj8BI_000189_000199_0.0_6.0,machine_gun_shooting,train,train,50
NO6e8kJ4n8s_000000_000010_0.0_3.5,machine_gun_shooting,train,train,30
NXMZr0kPpn8_000290_000300_4.5_7.0,machine_gun_shooting,train,train,22
OEaI9V7w_0k_000000_000010_0.5_3.5,machine_gun_shooting,train,train,26
PhWzk0228dc_000122_000132_0.0_5.0,machine_gun_shooting,train,train,42
RH7IVn9jk6k_000024_000034_0.0_5.0,machine_gun_shooting,train,train,42
ScHqZOcWWOc_000000_000010_5.0_8.0,machine_gun_shooting,train,train,26
SlT08lJpQ48_000123_000133_0.0_5.0,machine_gun_shooting,train,train,42
St1SiC_WmzQ_000007_000017_1.0_4.0,machine_gun_shooting,train,train,26
TX2xLcJgUko_000040_000050_0.0_5.0,machine_gun_shooting,train,train,42
UF6FHc1CeqE_000431_000441_0.0_3.0,machine_gun_shooting,train,val,26
UH_ZHao6c3M_000023_000033_6.5_10.0,machine_gun_shooting,train,train,30
Ubz-zCifh_U_000000_000010_0.0_3.0,machine_gun_shooting,train,train,26
Vo2_AA-XGr8_000039_000049_1.5_4.0,machine_gun_shooting,train,train,22
W4oYuYGMwdw_000841_000851_0.0_3.0,machine_gun_shooting,train,train,26
Yqo1yD2nL70_000230_000240_0.0_4.0,machine_gun_shooting,train,train,34
_7fB2-S7sC0_000124_000134_0.0_4.5,machine_gun_shooting,train,train,38
_7fB2-S7sC0_000449_000459_0.5_4.5,machine_gun_shooting,train,train,34
_HtzgvcnscE_000280_000290_0.0_4.0,machine_gun_shooting,train,train,34
a5fNyewhE8k_000030_000040_1.0_4.0,machine_gun_shooting,train,train,26
aAnCOKxPgaA_000140_000150_2.0_10.0,machine_gun_shooting,train,val,66
ayZClbRuLTQ_000111_000121_0.0_4.5,machine_gun_shooting,train,train,38
bnqsQhk2yX0_000040_000050_0.0_3.5,machine_gun_shooting,train,train,30
btiGpTrcya8_000077_000087_0.0_5.0,machine_gun_shooting,train,train,42
dXbOU2_Yh7A_000400_000410_0.0_3.0,machine_gun_shooting,train,train,26
e1j5vGO5Knw_000110_000120_0.0_3.0,machine_gun_shooting,train,val,26
eAHTadOobKQ_000070_000080_1.5_4.5,machine_gun_shooting,train,train,26
gCcwf1oDROA_000010_000020_2.0_7.0,machine_gun_shooting,train,train,42
gJp7a_muHs0_000542_000552_0.0_4.5,machine_gun_shooting,train,train,38
h7i5ztCYmXU_000040_000050_0.0_10.0,machine_gun_shooting,train,train,82
jC-pCAs7cWA_000000_000010_0.0_5.0,machine_gun_shooting,train,train,42
kFFJ00Bb6f4_000000_000010_0.5_3.5,machine_gun_shooting,train,train,26
mRUwXCIyLVw_000300_000310_4.0_8.5,machine_gun_shooting,train,train,38
p_cCf3qT6nI_000010_000020_3.5_6.0,machine_gun_shooting,train,train,22
q94etpfMB3A_000048_000058_4.0_8.0,machine_gun_shooting,train,train,34
qli7qLnw2Gg_000010_000020_0.0_4.0,machine_gun_shooting,train,train,34
rW42LPtspzs_000280_000290_0.5_6.0,machine_gun_shooting,train,train,46
scebm0Y_cbU_000422_000432_0.0_3.5,machine_gun_shooting,train,train,30
sz8GcLzw28k_000010_000020_0.0_3.0,machine_gun_shooting,train,train,26
tgXWJEZzFHE_000056_000066_0.5_4.5,machine_gun_shooting,train,train,34
tupSLysCAz4_000029_000039_0.0_3.5,machine_gun_shooting,train,train,30
uJ2LJVcuoaM_000040_000050_0.0_10.0,machine_gun_shooting,train,train,82
vdpdD71a8cs_000100_000110_0.0_7.0,machine_gun_shooting,train,train,58
wL9iPWb9Reg_000200_000210_0.0_6.0,machine_gun_shooting,train,train,50
zGiJKRzBG74_000185_000195_0.5_5.0,machine_gun_shooting,train,train,38
-0UyIRbzhlw_000026_000036_3.5_7.0,playing_cello,train,val,30
-ZMb-QiqDJY_000030_000040_2.5_7.0,playing_cello,train,train,38
-ZMb-QiqDJY_000101_000111_6.0_9.0,playing_cello,train,train,26
-kWBXffnROc_000030_000040_2.5_7.0,playing_cello,train,train,38
03sug8XoxNA_000005_000015_1.0_4.0,playing_cello,train,train,26
13t_QwbCSeo_000390_000400_0.0_3.5,playing_cello,train,train,30
1FAkjQEynS4_000378_000388_4.5_9.5,playing_cello,train,train,42
1a7qNq6twtk_000069_000079_3.0_8.5,playing_cello,train,train,46
2HwBdVpuwdE_000360_000370_1.5_4.5,playing_cello,train,train,26
2ps5yxeh2sM_000020_000030_0.5_5.5,playing_cello,train,train,42
2y2PUPqFLSg_000011_000021_5.5_8.5,playing_cello,train,val,26
3v-bIXklazk_000005_000015_0.0_10.0,playing_cello,train,train,82
4sD1HZsypwM_000030_000040_3.5_7.0,playing_cello,train,train,30
5O_5DPVvtho_000140_000150_3.0_7.0,playing_cello,train,train,34
5t4h4az7CzQ_000030_000040_0.0_9.0,playing_cello,train,train,74
68Zk2tTqxbE_000079_000089_0.5_3.5,playing_cello,train,train,26
7eoZQVlQURY_000080_000090_6.0_9.5,playing_cello,train,train,30
7ku02jRDGNY_000050_000060_1.0_10.0,playing_cello,train,train,74
84-Mxkujakc_000076_000086_0.0_5.0,playing_cello,train,train,42
8TPLOn32v3E_000153_000163_5.5_9.5,playing_cello,train,train,34
8TpjFOi9EgY_000010_000020_0.0_10.0,playing_cello,train,train,82
9hh5XknlASk_000121_000131_3.0_8.5,playing_cello,train,train,46
BmuCXHtvUaA_000030_000040_0.5_8.0,playing_cello,train,val,62
FD2EtGJ9k1Y_000030_000040_0.5_10.0,playing_cello,train,train,78
G6XFRkbW1wQ_000030_000040_0.0_10.0,playing_cello,train,train,82
HQSSYxEhEpI_000020_000030_1.0_9.0,playing_cello,train,train,66
Hbp9cvlqlWU_000090_000100_2.5_7.5,playing_cello,train,val,42
Hn95jm9E1k4_000170_000180_2.0_9.0,playing_cello,train,train,58
J7pFwJGBF6c_000100_000110_0.0_9.0,playing_cello,train,train,74
KF5WlKBE-og_000115_000125_1.0_10.0,playing_cello,train,train,74
L0xtW3JaAdY_000619_000629_4.0_9.5,playing_cello,train,train,46
LDtSR-Wnu8I_000090_000100_0.5_9.0,playing_cello,train,train,70
LeMDBew5Jmk_000010_000020_4.0_8.0,playing_cello,train,train,34
MYbNMNMyJEQ_000030_000040_1.5_9.0,playing_cello,train,train,62
Mw1nPIeEBcY_000150_000160_1.0_4.0,playing_cello,train,train,26
NI4Xnxm0xNU_000189_000199_0.0_8.5,playing_cello,train,train,70
P484hr4Ed98_000030_000040_1.5_10.0,playing_cello,train,train,70
PUI0Am7G-jo_000021_000031_5.5_9.0,playing_cello,train,train,30
QgKvCb4fCIs_000060_000070_0.0_4.0,playing_cello,train,train,34
QupB4NN8fI0_000030_000040_0.0_10.0,playing_cello,train,val,82
SPZwYtstx_I_000080_000090_2.0_6.5,playing_cello,train,val,38
Sf0aZczIZVU_000040_000050_0.5_9.5,playing_cello,train,train,74
SwXYeGDdLlY_000100_000110_0.0_10.0,playing_cello,train,train,82
SzmltlCOGec_000040_000050_1.5_10.0,playing_cello,train,train,70
TnTNq8LpqbI_000040_000050_0.0_4.0,playing_cello,train,val,34
TxoApYOGe6c_000420_000430_3.0_9.5,playing_cello,train,train,54
UUgdbqt2ON0_000359_000369_1.5_5.5,playing_cello,train,train,34
VX6FSbdWqlE_000030_000040_1.5_8.5,playing_cello,train,train,58
WNv7DjEF0YA_000030_000040_0.5_7.0,playing_cello,train,train,54
WacT0obM3D4_000030_000040_4.5_7.5,playing_cello,train,train,26
WjFE24n17q4_000160_000170_2.5_8.5,playing_cello,train,train,50
X01a-PdGUI8_000084_000094_0.0_10.0,playing_cello,train,train,82
X329styc0lE_000360_000370_2.5_7.0,playing_cello,train,train,38
_KRuP36W9BM_000030_000040_1.5_4.5,playing_cello,train,train,26
b6dlP7VMIdA_000110_000120_3.0_9.5,playing_cello,train,train,54
be1xym_lfd8_000030_000040_3.0_9.5,playing_cello,train,val,54
d3ttrRgTTK0_000170_000180_3.5_9.0,playing_cello,train,train,46
dI_noFyXQZE_000093_000103_5.5_10.0,playing_cello,train,train,38
dQKtLx9bVpU_000060_000070_1.5_6.5,playing_cello,train,train,42
dQMmgbKQG5Y_000130_000140_0.0_10.0,playing_cello,train,train,82
edlRpDHkz8A_000030_000040_0.5_8.5,playing_cello,train,train,66
fjj1NqEPR5U_000000_000010_0.0_8.5,playing_cello,train,train,70
gIiYXtaVfG0_000151_000161_0.0_10.0,playing_cello,train,train,82
gkwJu2BtXZc_000060_000070_5.0_9.0,playing_cello,train,train,34
hg0kUxkOEr8_000305_000315_3.5_9.5,playing_cello,train,train,50
iCOG41rKjrE_000430_000440_0.0_6.5,playing_cello,train,val,54
iab-jyDNEBM_000020_000030_4.0_7.5,playing_cello,train,train,30
k8uKrFhh6I8_000050_000060_0.0_4.5,playing_cello,train,train,38
kX4-OMWCdCc_000150_000160_1.5_5.0,playing_cello,train,train,30
kj8mrYJN1Mw_000040_000050_0.0_3.0,playing_cello,train,train,26
kmqLdhK4OxU_000696_000706_4.0_7.5,playing_cello,train,val,30
kyBbxnZ3tm4_000009_000019_0.0_9.0,playing_cello,train,train,74
l3f0RJTUJk8_000170_000180_5.5_8.5,playing_cello,train,train,26
lfcuxdnxpXc_000030_000040_1.0_9.5,playing_cello,train,train,70
mmJim2h-byQ_000166_000176_4.0_8.5,playing_cello,train,train,38
n2JanKszFoQ_000200_000210_5.0_8.0,playing_cello,train,train,26
ne0z9fnr03Q_000110_000120_0.0_5.5,playing_cello,train,train,46
nsd7Rq55esQ_000030_000040_0.0_3.0,playing_cello,train,train,26
p7LBQbIrh68_000030_000040_6.5_9.5,playing_cello,train,train,26
p8yXmuyBW3o_000119_000129_5.0_10.0,playing_cello,train,train,42
ppGxSt49hRY_000140_000150_6.5_9.5,playing_cello,train,train,26
r-Zku8Czrjc_000334_000344_0.0_8.5,playing_cello,train,train,70
thFP6rzhwYQ_000030_000040_3.5_9.5,playing_cello,train,train,50
uNM7GDdcVUs_000180_000190_1.0_9.0,playing_cello,train,train,66
v1G3oCDAMcQ_000030_000040_4.0_10.0,playing_cello,train,train,50
v1q8DpAGCw4_000130_000140_4.0_10.0,playing_cello,train,train,50
v7Nh_3Ukco0_000070_000080_5.0_9.5,playing_cello,train,train,38
wACpmqrFZfA_000030_000040_3.0_7.0,playing_cello,train,train,34
wn-HRhTm7sY_000360_000370_1.0_10.0,playing_cello,train,train,74
x97K7LfXfEs_000073_000083_0.5_5.0,playing_cello,train,train,38
-6GQmaIFTOM_000030_000040_0.0_3.5,playing_trombone,train,val,30
-BUtBQDWd-o_000194_000204_4.5_8.5,playing_trombone,train,train,34
-CxXxHczP_c_000010_000020_0.0_10.0,playing_trombone,train,train,82
0XxvRJ8sOmM_000022_000032_0.0_3.0,playing_trombone,train,train,26
3br-2HB2rh0_000230_000240_6.0_10.0,playing_trombone,train,train,34
3gaT_BhYSIY_000070_000080_0.0_10.0,playing_trombone,train,train,82
5SW5_gs-h5g_000060_000070_0.0_3.5,playing_trombone,train,train,30
627AYcRYuq4_000128_000138_0.0_4.5,playing_trombone,train,train,38
6rhJ9DfFBJs_000070_000080_0.0_3.0,playing_trombone,train,train,26
7eEF0na67Wc_000169_000179_0.0_5.0,playing_trombone,train,train,42
8ne9IEoqjQ4_000321_000331_0.0_3.5,playing_trombone,train,val,30
94UNexEJ5lU_000070_000080_0.5_10.0,playing_trombone,train,train,78
9bWt8O_IEX4_000130_000140_6.0_9.0,playing_trombone,train,train,26
AHE-a1k3mxE_000140_000150_5.0_8.0,playing_trombone,train,train,26
B6JUyoaxa4k_000215_000225_0.5_5.0,playing_trombone,train,train,38
BJdtH2BfTe4_000030_000040_0.5_6.0,playing_trombone,train,train,46
BddoetSqtqU_000012_000022_0.0_10.0,playing_trombone,train,train,82
Cd6ao8qvL60_000003_000013_0.0_4.5,playing_trombone,train,train,38
DVhg-1vh33A_000024_000034_3.0_8.5,playing_trombone,train,train,46
Dx6vFxsOdpU_000069_000079_0.0_7.0,playing_trombone,train,train,58
EU77OQhy3V4_000019_000029_0.0_3.0,playing_trombone,train,train,26
EaPmysTfVFI_000089_000099_2.0_9.5,playing_trombone,train,train,62
EqRLucGfvYA_000190_000200_0.5_10.0,playing_trombone,train,val,78
FV7J7_JdYqs_000034_000044_0.0_10.0,playing_trombone,train,train,82
FV7J7_JdYqs_000045_000055_0.5_10.0,playing_trombone,train,train,78
GH7N7v_m9FM_000030_000040_4.5_10.0,playing_trombone,train,train,46
HIQ63_WoKwg_000030_000040_7.0_10.0,playing_trombone,train,val,26
HRe6-Vgsj6Y_000225_000235_4.5_8.5,playing_trombone,train,train,34
Jf_1BlsFO5s_000000_000010_0.0_7.0,playing_trombone,train,train,58
Ju_gj249-iY_000191_000201_1.5_10.0,playing_trombone,train,train,70
K2ZnZzHhi44_000324_000334_0.5_10.0,playing_trombone,train,train,78
L_ucgLAe-TA_000436_000446_0.5_3.0,playing_trombone,train,train,22
LuO4GUJEPv8_000018_000028_0.0_7.5,playing_trombone,train,train,62
MbaGR3A9QFI_000041_000051_0.5_8.0,playing_trombone,train,train,62
NRWlHRvaDcQ_000623_000633_0.0_8.5,playing_trombone,train,train,70
NupVmxoofis_000180_000190_6.0_10.0,playing_trombone,train,train,34
Qra01VkBoro_000320_000330_1.5_4.5,playing_trombone,train,train,26
SbcQ7DMdVSY_000060_000070_0.0_10.0,playing_trombone,train,train,82
TOjkzdLprPY_000209_000219_0.0_7.5,playing_trombone,train,train,62
U64aZ1NDXX4_000000_000010_1.0_4.0,playing_trombone,train,val,26
V_PAO7aiHpw_000040_000050_0.5_4.5,playing_trombone,train,val,34
V_PAO7aiHpw_000040_000050_6.5_10.0,playing_trombone,train,train,30
W9i_ClLj4F8_000008_000018_0.0_10.0,playing_trombone,train,train,82
WQdA2vJCiGQ_000017_000027_0.0_10.0,playing_trombone,train,train,82
XYwcQhvLubY_000026_000036_1.5_9.0,playing_trombone,train,val,62
XYwcQhvLubY_000040_000050_1.0_10.0,playing_trombone,train,train,74
Y4s1ZsiFuhQ_000090_000100_1.5_5.0,playing_trombone,train,train,30
ZA938akpwQE_000178_000188_0.0_10.0,playing_trombone,train,train,82
_24ZCVoC2cY_000120_000130_1.0_7.0,playing_trombone,train,train,50
bmNjHkoEmLQ_000000_000010_2.5_9.5,playing_trombone,train,train,58
bmNjHkoEmLQ_000001_000011_0.0_8.5,playing_trombone,train,train,70
cAesoXoib1M_000030_000040_0.0_6.5,playing_trombone,train,train,54
cTuT3fVP6G8_000060_000070_0.0_10.0,playing_trombone,train,train,82
cTuT3fVP6G8_000071_000081_0.0_9.0,playing_trombone,train,train,74
clIG_BJW2o8_000030_000040_0.0_3.5,playing_trombone,train,train,30
dbGDAXd6nV8_000060_000070_0.0_3.0,playing_trombone,train,val,26
du_EYG4422E_000008_000018_0.0_10.0,playing_trombone,train,train,82
g9_h4EwltJc_000138_000148_0.0_8.0,playing_trombone,train,train,66
gqXYzEaLryQ_000070_000080_0.0_5.0,playing_trombone,train,train,42
h-tymXHl5PE_000011_000021_0.0_10.0,playing_trombone,train,train,82
h0CCPYOWv1Y_000000_000010_0.0_9.5,playing_trombone,train,train,78
h0CCPYOWv1Y_000039_000049_1.0_7.0,playing_trombone,train,train,50
huf8M4H0Kn4_000016_000026_0.0_10.0,playing_trombone,train,train,82
i03HKYPv-lg_000169_000179_1.0_5.0,playing_trombone,train,train,34
i03HKYPv-lg_000169_000179_6.0_9.0,playing_trombone,train,train,26
iG6VZnA4740_000100_000110_1.5_8.5,playing_trombone,train,val,58
iHGQEs_HCyU_000028_000038_0.0_3.5,playing_trombone,train,train,30
ihPPA36u1rU_000037_000047_0.0_4.5,playing_trombone,train,train,38
jR9cNCNzLlk_000026_000036_4.0_10.0,playing_trombone,train,train,50
jR9cNCNzLlk_000044_000054_1.0_8.5,playing_trombone,train,train,62
jpSY5EicwdE_000157_000167_0.0_10.0,playing_trombone,train,val,82
kxyFBPjbT3o_000099_000109_1.5_9.0,playing_trombone,train,train,62
mHvp-Hx6uJU_000000_000010_4.0_7.0,playing_trombone,train,train,26
nMOlAg-Kjf8_000017_000027_0.0_9.0,playing_trombone,train,train,74
noA2J5tXBS8_000090_000100_1.5_5.5,playing_trombone,train,train,34
qChtz-3LhT0_000194_000204_0.0_10.0,playing_trombone,train,train,82
qChtz-3LhT0_000381_000391_0.5_7.0,playing_trombone,train,train,54
rFgrOflwKPg_000290_000300_7.0_10.0,playing_trombone,train,train,26
rrWsWt-rDrQ_000100_000110_0.0_5.5,playing_trombone,train,train,46
s7GIyv4xSAI_000014_000024_0.0_10.0,playing_trombone,train,train,82
tWMo1IyoNMA_000100_000110_0.0_10.0,playing_trombone,train,train,82
tvrDxebakus_000150_000160_2.5_10.0,playing_trombone,train,train,62
uPCkHe7y6T4_000060_000070_0.0_10.0,playing_trombone,train,train,82
ucW5TSNcvzo_000232_000242_1.0_10.0,playing_trombone,train,train,74
uxZ-S4brnRs_000047_000057_0.0_9.0,playing_trombone,train,train,74
w1IW9bA-G68_000030_000040_1.0_5.0,playing_trombone,train,train,34
wi6IUu57w2E_000030_000040_0.5_8.5,playing_trombone,train,train,66
z4xng2gX3y8_000000_000010_0.5_10.0,playing_trombone,train,train,78
zF96Fvq3k9U_000150_000160_0.5_7.5,playing_trombone,train,train,58
zjiBh4A4K4E_000135_000145_3.5_6.5,playing_trombone,train,train,26
01vFr9LE3Vo_000518_000528_2.0_6.5,playing_trumpet,train,val,38
02pOiVybghw_000030_000040_1.0_6.5,playing_trumpet,train,train,46
0ZaEl_2DKR8_000010_000020_2.0_8.0,playing_trumpet,train,train,50
0iSY-w0-haA_000220_000230_0.5_4.0,playing_trumpet,train,train,30
1DKds_ZQnzM_000190_000200_4.0_7.0,playing_trumpet,train,train,26
1NW3dUhTAoI_000018_000028_0.0_10.0,playing_trumpet,train,train,82
2FfmlSJA1Vk_000010_000020_3.5_8.0,playing_trumpet,train,train,38
2ZgDseZJJ5M_000030_000040_4.5_7.5,playing_trumpet,train,train,26
2bGx-xBewt8_000035_000045_2.5_6.0,playing_trumpet,train,train,30
33_YqohDPpE_000250_000260_7.0_10.0,playing_trumpet,train,train,26
3sC1_hSF2bw_000042_000052_3.0_7.5,playing_trumpet,train,val,38
3sC1_hSF2bw_000110_000120_1.5_6.0,playing_trumpet,train,train,38
4sfsHozMcEo_000165_000175_4.0_9.5,playing_trumpet,train,train,46
5kXRSxMRZGw_000043_000053_1.5_6.5,playing_trumpet,train,train,42
5ogQ88sOAkA_000089_000099_4.0_7.0,playing_trumpet,train,train,26
5ogQ88sOAkA_000108_000118_0.5_3.5,playing_trumpet,train,train,26
5pIje_zRg5c_000090_000100_2.5_7.0,playing_trumpet,train,train,38
6VExUsXQWDE_000075_000085_0.0_3.5,playing_trumpet,train,train,30
6VExUsXQWDE_000075_000085_1.5_4.5,playing_trumpet,train,train,26
78D2LLM46Uw_000030_000040_3.0_9.0,playing_trumpet,train,train,50
7UMvXLA4iiQ_000030_000040_6.5_9.5,playing_trumpet,train,train,26
7ecNoAOaOfs_000127_000137_6.5_10.0,playing_trumpet,train,train,30
7ecNoAOaOfs_000169_000179_1.0_5.0,playing_trumpet,train,val,34
8YaDsXWhDTA_000496_000506_1.0_6.0,playing_trumpet,train,train,42
9jVX4RuJ774_000390_000400_2.5_6.5,playing_trumpet,train,train,34
A24InXJHgOk_000028_000038_0.0_9.0,playing_trumpet,train,train,74
Adk8Rw2EznA_000030_000040_7.0_10.0,playing_trumpet,train,val,26
BBgW_3zDdto_000030_000040_0.0_3.0,playing_trumpet,train,train,26
BBgW_3zDdto_000030_000040_2.0_5.0,playing_trumpet,train,train,26
BVPplYVpLAE_000448_000458_4.5_7.5,playing_trumpet,train,train,26
CZvOHDZEBnM_000088_000098_0.0_3.5,playing_trumpet,train,train,30
DkJIuTcJaNo_000202_000212_5.5_8.5,playing_trumpet,train,train,26
FJ_DJc7-Sms_000030_000040_6.5_9.5,playing_trumpet,train,train,26
FSAGhEQ3uFk_000003_000013_1.0_4.5,playing_trumpet,train,train,30
FemvwHjqT0E_000030_000040_0.0_4.0,playing_trumpet,train,train,34
GAPamRQg0FE_000170_000180_0.0_7.5,playing_trumpet,train,train,62
GAPamRQg0FE_000194_000204_5.0_8.0,playing_trumpet,train,train,26
GAPamRQg0FE_000194_000204_6.0_9.0,playing_trumpet,train,train,26
I4JKaLOIEGs_000030_000040_3.0_6.0,playing_trumpet,train,train,26
Jg6SD0glsOY_000100_000110_1.5_7.5,playing_trumpet,train,val,50
Jqwl7uvN65w_000150_000160_4.0_9.5,playing_trumpet,train,val,46
Jqwl7uvN65w_000259_000269_0.0_4.0,playing_trumpet,train,train,34
Kh3n4kV2l2I_000030_000040_0.5_3.5,playing_trumpet,train,train,26
KhF-gUyewVY_000100_000110_7.0_10.0,playing_trumpet,train,train,26
KhF-gUyewVY_000159_000169_0.0_3.5,playing_trumpet,train,val,30
LxMz0jCETIk_000030_000040_2.5_5.5,playing_trumpet,train,train,26
PFJdUid8GYk_000074_000084_0.0_3.0,playing_trumpet,train,train,26
PFJdUid8GYk_000196_000206_0.0_8.5,playing_trumpet,train,train,70
Prw5a9KZr_Q_000014_000024_1.0_4.5,playing_trumpet,train,train,30
RmlRtk4xbE8_000443_000453_0.5_8.0,playing_trumpet,train,train,62
Slo7_JgmNnE_000132_000142_5.5_9.0,playing_trumpet,train,train,30
TIKsda31Sqs_000175_000185_7.0_10.0,playing_trumpet,train,train,26
UYVacmlzNtU_000030_000040_6.5_9.5,playing_trumpet,train,train,26
V0jHXDcocm8_000030_000040_1.5_4.5,playing_trumpet,train,train,26
V66qyPGEE9A_000090_000100_4.5_8.5,playing_trumpet,train,train,34
VnKBb809id4_000174_000184_1.5_4.5,playing_trumpet,train,val,26
VnKBb809id4_000174_000184_6.5_10.0,playing_trumpet,train,train,30
WCmT-E21BKs_000003_000013_2.5_6.0,playing_trumpet,train,train,30
WRVTR_kFfGI_000032_000042_3.0_7.5,playing_trumpet,train,train,38
_7JkLUZ20jA_000030_000040_2.0_6.5,playing_trumpet,train,train,38
_ZC6yk5iE1I_000026_000036_0.5_5.0,playing_trumpet,train,train,38
_ZC6yk5iE1I_000026_000036_3.0_9.0,playing_trumpet,train,train,50
_ZC6yk5iE1I_000026_000036_7.0_10.0,playing_trumpet,train,train,26
_qw_BNJSc0w_000090_000100_3.0_6.5,playing_trumpet,train,train,30
dGuAq-B_O9c_000030_000040_4.0_9.5,playing_trumpet,train,train,46
gQ9CRQFXF7k_000046_000056_0.0_3.0,playing_trumpet,train,val,26
g_qU4ljHrx8_000041_000051_0.0_4.0,playing_trumpet,train,train,34
hOuz8kTTCj0_000190_000200_0.0_3.0,playing_trumpet,train,train,26
hgHFHvhfcT8_000060_000070_1.5_6.0,playing_trumpet,train,train,38
iwzYX5Jo5No_000061_000071_2.0_7.5,playing_trumpet,train,train,46
j2fSnxTqXXQ_000085_000095_2.0_7.0,playing_trumpet,train,val,42
jZe1VCQYpIs_000015_000025_2.5_5.5,playing_trumpet,train,train,26
lqjE8aYSAy4_000038_000048_2.0_6.0,playing_trumpet,train,train,34
mO8ZongSYLA_000003_000013_1.0_4.5,playing_trumpet,train,train,30
p1h4Yjaoohw_000032_000042_6.0_9.5,playing_trumpet,train,train,30
pG7eSZDHtfg_000030_000040_4.5_7.5,playing_trumpet,train,train,26
prdSpY9pHZU_000064_000074_2.5_7.0,playing_trumpet,train,train,38
qZzbeN7SbUU_000030_000040_4.5_8.0,playing_trumpet,train,train,30
rbKwpN11dcU_000283_000293_0.5_4.0,playing_trumpet,train,train,30
sWBKO3iPVx0_000030_000040_3.5_7.0,playing_trumpet,train,train,30
sYBgY4m99P4_000010_000020_0.0_6.0,playing_trumpet,train,train,50
tXV_3QVK1I0_000004_000014_4.5_8.5,playing_trumpet,train,train,34
v8EpWTZzewc_000210_000220_3.5_9.5,playing_trumpet,train,train,50
vgX33FwGfnQ_000030_000040_4.5_9.0,playing_trumpet,train,train,38
vj3lO7pLOIs_000030_000040_0.0_3.5,playing_trumpet,train,train,30
vj3lO7pLOIs_000030_000040_1.5_5.5,playing_trumpet,train,train,34
w-8LegbYpZ0_000080_000090_4.0_9.0,playing_trumpet,train,train,42
w-8LegbYpZ0_000080_000090_7.0_10.0,playing_trumpet,train,train,26
yYfB6GfjIwk_000030_000040_0.0_7.5,playing_trumpet,train,train,62
ymdpE68f1mw_000073_000083_5.5_8.5,playing_trumpet,train,train,26
-BpMHfa2Saw_000030_000040_0.0_8.0,playing_violin__fiddle,train,val,66
-NCD5jfkapA_000030_000040_1.0_5.5,playing_violin__fiddle,train,train,38
0MuM1Nch4xY_000030_000040_1.0_7.0,playing_violin__fiddle,train,train,50
0n0zuw8zuW4_000030_000040_5.0_7.5,playing_violin__fiddle,train,train,22
0wIFDj6C1BI_000030_000040_1.0_4.5,playing_violin__fiddle,train,train,30
10RkjPIguAY_000030_000040_4.5_7.5,playing_violin__fiddle,train,train,26
16DCCYYdgmg_000030_000040_0.0_10.0,playing_violin__fiddle,train,train,82
17ivLGFukBc_000030_000040_0.0_9.5,playing_violin__fiddle,train,train,78
1FZ1jJHyI7k_000030_000040_4.5_7.5,playing_violin__fiddle,train,train,26
26Ti4i2BNdM_000030_000040_1.0_8.0,playing_violin__fiddle,train,train,58
2DTCSeX3aUY_000030_000040_2.5_6.0,playing_violin__fiddle,train,val,30
2Uv7fWDjWB0_000030_000040_0.0_10.0,playing_violin__fiddle,train,train,82
3E6mwYkb_MQ_000030_000040_1.5_6.0,playing_violin__fiddle,train,train,38
3G_gh1HuDZI_000030_000040_1.5_4.5,playing_violin__fiddle,train,train,26
3Kjbw5B4Bws_000030_000040_1.0_4.0,playing_violin__fiddle,train,train,26
4Pod-Q6F86Y_000030_000040_0.0_3.0,playing_violin__fiddle,train,train,26
4f4T1k-WsEk_000030_000040_0.0_10.0,playing_violin__fiddle,train,train,82
4ipWKLhd39o_000030_000040_6.0_9.0,playing_violin__fiddle,train,train,26
5-teLbuojYY_000030_000040_0.0_5.5,playing_violin__fiddle,train,train,46
5F3K1zjINMo_000030_000040_0.0_4.5,playing_violin__fiddle,train,train,38
5QbjG8653B0_000030_000040_0.5_10.0,playing_violin__fiddle,train,train,78
5uoAzMT4ZxQ_000030_000040_0.0_3.0,playing_violin__fiddle,train,train,26
63udpxlsx5I_000030_000040_3.5_6.5,playing_violin__fiddle,train,val,26
6X1OkFLlPO4_000030_000040_4.0_7.0,playing_violin__fiddle,train,train,26
8uzcz9as3Ow_000030_000040_0.0_10.0,playing_violin__fiddle,train,train,82
9-_m04dlwsM_000030_000040_0.5_3.0,playing_violin__fiddle,train,train,22
972YYivcGF0_000030_000040_4.5_7.5,playing_violin__fiddle,train,val,26
9iX2zII5UVw_000030_000040_2.0_5.0,playing_violin__fiddle,train,train,26
AF3kUFbe998_000030_000040_0.0_3.0,playing_violin__fiddle,train,train,26
AYiactWYCrc_000030_000040_0.5_10.0,playing_violin__fiddle,train,train,78
Ahk81WMlhSs_000030_000040_0.0_10.0,playing_violin__fiddle,train,train,82
C7OFEkOdODo_000030_000040_0.5_10.0,playing_violin__fiddle,train,train,78
CS6gtfNSJ1E_000030_000040_0.5_9.0,playing_violin__fiddle,train,train,70
DBn0Ggw6ATs_000050_000060_0.0_4.0,playing_violin__fiddle,train,train,34
DCK554zzEQ0_000030_000040_3.5_8.0,playing_violin__fiddle,train,train,38
DJrbJW3TG9k_000030_000040_0.0_3.0,playing_violin__fiddle,train,train,26
Di1F8GUvEtg_000030_000040_1.0_8.5,playing_violin__fiddle,train,train,62
E-G6U1bpxME_000030_000040_0.0_9.5,playing_violin__fiddle,train,train,78
EEP5HPxGivo_000030_000040_1.5_10.0,playing_violin__fiddle,train,train,70
EFKRvfkyyxE_000030_000040_1.0_7.5,playing_violin__fiddle,train,val,54
F0y4iL0gnpI_000021_000031_0.0_9.0,playing_violin__fiddle,train,val,74
FIpCyWCy9Qc_000030_000040_0.0_9.5,playing_violin__fiddle,train,train,78
Ffvr7pHqzUQ_000030_000040_1.0_9.0,playing_violin__fiddle,train,train,66
G-KeLQQ-84k_000030_000040_5.5_9.5,playing_violin__fiddle,train,train,34
IOgX_sYAeOM_000030_000040_4.5_10.0,playing_violin__fiddle,train,val,46
IW-ELVOdAjY_000030_000040_0.5_10.0,playing_violin__fiddle,train,train,78
JBf4YmzFvuI_000030_000040_4.0_8.0,playing_violin__fiddle,train,train,34
JPHLbRPXChk_000030_000040_3.0_5.1,playing_violin__fiddle,train,train,18
JeIY0Quv0ig_000030_000040_7.4_9.5,playing_violin__fiddle,train,train,18
Jfsj9ZqDle0_000030_000040_1.0_9.5,playing_violin__fiddle,train,train,70
LPaRBMnW6MI_000030_000040_2.5_10.0,playing_violin__fiddle,train,train,62
Lzfve0wQpAI_000030_000040_0.0_3.0,playing_violin__fiddle,train,train,26
M0k0SZ3xXvw_000030_000040_3.0_7.5,playing_violin__fiddle,train,train,38
MkJVNXKVqp4_000030_000040_0.0_6.5,playing_violin__fiddle,train,train,54
Mu42VRD1z2o_000030_000040_1.0_8.5,playing_violin__fiddle,train,train,62
Mzrlxd5MWn0_000030_000040_0.5_7.0,playing_violin__fiddle,train,val,54
NZGu-Ci7XLc_000290_000300_4.0_7.0,playing_violin__fiddle,train,train,26
OEi1wfDkUps_000030_000040_1.5_10.0,playing_violin__fiddle,train,train,70
ObRt7G0CEbY_000100_000110_6.5_10.0,playing_violin__fiddle,train,train,30
P-Rdpdcoops_000030_000040_3.0_7.0,playing_violin__fiddle,train,train,34
PATC-vjHpjY_000030_000040_0.0_6.0,playing_violin__fiddle,train,train,50
PaZ4aVEsPsE_000019_000029_1.5_8.5,playing_violin__fiddle,train,train,58
QN1uy0xvTQE_000030_000040_3.0_8.5,playing_violin__fiddle,train,train,46
QNMEqBmP-QA_000030_000040_0.0_10.0,playing_violin__fiddle,train,train,82
QQmDfHX_nvY_000022_000032_0.0_4.5,playing_violin__fiddle,train,train,38
QhbMdt7tBXc_000030_000040_3.0_6.0,playing_violin__fiddle,train,val,26
RMnNSgRaoo0_000030_000040_1.0_10.0,playing_violin__fiddle,train,train,74
SNBh5fJRP-k_000030_000040_5.5_10.0,playing_violin__fiddle,train,train,38
SlUk2uT-zm4_000030_000040_2.0_5.0,playing_violin__fiddle,train,train,26
To65UOxcp1I_000028_000038_2.0_6.5,playing_violin__fiddle,train,train,38
VMDD0ZErfMM_000030_000040_3.0_9.0,playing_violin__fiddle,train,val,50
WDPAflgmswI_000030_000040_6.5_9.5,playing_violin__fiddle,train,train,26
YROOI2kKvGw_000260_000270_0.5_3.5,playing_violin__fiddle,train,train,26
ZINFbbyA_-M_000020_000030_0.0_3.0,playing_violin__fiddle,train,train,26
_i4LB1MpHj4_000110_000120_2.0_6.0,playing_violin__fiddle,train,train,34
bJtu55jpzNc_000140_000150_2.0_10.0,playing_violin__fiddle,train,train,66
bPQTRWZiLxA_000030_000040_1.0_9.5,playing_violin__fiddle,train,train,70
b_R_INLM6a4_000030_000040_2.5_7.5,playing_violin__fiddle,train,train,42
buJFQyD2LeA_000030_000040_0.5_9.0,playing_violin__fiddle,train,train,70
c8-8HN6LPN4_000030_000040_5.5_10.0,playing_violin__fiddle,train,train,38
e_9Z9r1Rrzc_000030_000040_0.0_10.0,playing_violin__fiddle,train,train,82
hJ7cZigUq84_000030_000040_0.0_4.5,playing_violin__fiddle,train,train,38
jGeD8cgdqN4_000030_000040_4.0_6.5,playing_violin__fiddle,train,train,22
jQJFuE74OYo_000030_000040_5.5_10.0,playing_violin__fiddle,train,train,38
kpzzQWZ_K3s_000030_000040_4.0_7.0,playing_violin__fiddle,train,train,26
nkzaHK8zfpM_000030_000040_0.5_6.5,playing_violin__fiddle,train,train,50
noyRt75VF74_000030_000040_2.5_7.5,playing_violin__fiddle,train,train,42
r47N9mdOeXc_000030_000040_1.5_8.0,playing_violin__fiddle,train,train,54
snSl73J_PJk_000110_000120_0.0_3.0,playing_violin__fiddle,train,train,26
vmyDvXhBuYE_000230_000240_3.0_9.5,playing_violin__fiddle,train,train,54
-eeHCs9RqiU_000025_000035_0.0_2.25,sharpen_knife,train,val,20
29ZWMYIEq3g_000141_000151_1.0_4.0,sharpen_knife,train,train,26
2S3iohOt7oA_000408_000418_0.0_6.0,sharpen_knife,train,train,50
2WnPwsQ1Ku4_000006_000016_4.5_8.0,sharpen_knife,train,train,30
2zJiY9Mqhtc_000113_000123_3.0_5.5,sharpen_knife,train,train,22
3R4moG8zEWk_000274_000284_3.0_6.0,sharpen_knife,train,train,26
3U4OtgrDUPg_000076_000086_6.5_10.0,sharpen_knife,train,train,30
4sXNMK-A6KY_000073_000083_7.0_10.0,sharpen_knife,train,train,26
5Y_8wiKVwK0_000356_000366_4.0_7.0,sharpen_knife,train,train,26
7abCVUupZ4U_000097_000107_5.0_8.0,sharpen_knife,train,train,26
7lVMcFjoOL4_000096_000106_6.0_9.0,sharpen_knife,train,val,26
8Y_YV17nmRg_000330_000340_2.0_10.0,sharpen_knife,train,train,66
9EoERiRVt20_000163_000173_3.5_5.6,sharpen_knife,train,train,19
A-8pkI7qcLo_000092_000102_3.0_6.0,sharpen_knife,train,train,26
AGOtAd4xBhk_000154_000164_2.0_4.1,sharpen_knife,train,train,19
AacxoIwQPMs_000066_000076_0.0_6.0,sharpen_knife,train,train,50
AcYnwtT1rzA_000057_000067_0.0_6.0,sharpen_knife,train,train,50
DcLppK5MTZY_000402_000412_5.8_8.0,sharpen_knife,train,train,19
De3WuHy9jEQ_000165_000175_0.5_3.0,sharpen_knife,train,train,22
DeDWX5iVhr0_000031_000041_6.0_9.5,sharpen_knife,train,train,30
DqqNskxq6MY_000111_000121_7.0_10.0,sharpen_knife,train,train,26
ERxlveTpCnw_000137_000147_0.0_3.0,sharpen_knife,train,train,26
Enta6MkaWF8_000339_000349_1.0_4.0,sharpen_knife,train,val,26
F3rn7mVPQPo_000308_000318_2.0_8.0,sharpen_knife,train,train,50
F3rn7mVPQPo_000364_000374_3.5_6.0,sharpen_knife,train,train,22
GF0TW9afvTU_000344_000354_0.0_3.0,sharpen_knife,train,train,26
HhnDdPU7KZE_000117_000127_3.0_8.0,sharpen_knife,train,val,42
HhnDdPU7KZE_000117_000127_6.5_9.5,sharpen_knife,train,train,26
IvPbQdbsQUI_000331_000341_1.5_4.5,sharpen_knife,train,train,26
KOIbWuGgTl4_000168_000178_7.0_9.1,sharpen_knife,train,train,18
KsDnCbk_5x4_000041_000051_5.5_10.0,sharpen_knife,train,train,38
KsDnCbk_5x4_000159_000169_0.0_4.0,sharpen_knife,train,train,34
KxnOBDMruGw_000092_000102_3.0_6.0,sharpen_knife,train,train,26
KxnOBDMruGw_000092_000102_5.5_9.0,sharpen_knife,train,train,30
KxnOBDMruGw_000110_000120_2.0_5.5,sharpen_knife,train,train,30
LDMobRKsq2w_000126_000136_2.5_5.5,sharpen_knife,train,train,26
LEpzp8DnWyY_000140_000150_4.5_7.5,sharpen_knife,train,train,26
LpaMZAVe9Cg_000116_000126_1.0_5.0,sharpen_knife,train,train,34
NRdOyEAoZng_000341_000351_2.0_7.0,sharpen_knife,train,train,42
NVtbCkBWI8o_000157_000167_3.0_5.5,sharpen_knife,train,val,22
NqLyRSDvVE0_000284_000294_0.5_4.5,sharpen_knife,train,val,34
PXMYoOp4IZw_000105_000115_1.5_4.5,sharpen_knife,train,train,26
Q_5zCyGxMUA_000034_000044_3.5_6.0,sharpen_knife,train,train,22
Q_5zCyGxMUA_000187_000197_3.0_6.0,sharpen_knife,train,train,26
QuFBR2CYeyA_000149_000159_0.8_3.0,sharpen_knife,train,val,19
QuFBR2CYeyA_000469_000479_5.0_8.0,sharpen_knife,train,train,26
SKeSRDMRpY0_000254_000264_3.8_6.0,sharpen_knife,train,train,19
SNndVYIMO-s_000158_000168_1.0_3.1,sharpen_knife,train,train,18
T0FNLDWBlSU_000081_000091_4.0_6.5,sharpen_knife,train,train,22
UF-OOicTbX4_000078_000088_5.5_8.5,sharpen_knife,train,train,26
UP-22ZNzDb8_000202_000212_2.5_5.5,sharpen_knife,train,train,26
VDRFEN6GQTU_000106_000116_4.5_8.0,sharpen_knife,train,train,30
VqfA5hSsPHE_000090_000100_0.0_9.5,sharpen_knife,train,train,78
VvHMFIeImLw_000147_000157_1.0_3.1,sharpen_knife,train,train,18
WqkMuGoUhas_000417_000427_6.4_8.5,sharpen_knife,train,train,18
XTu2tDISgnA_000046_000056_4.5_7.5,sharpen_knife,train,val,26
Y9pGt8ax3PA_000010_000020_4.0_7.5,sharpen_knife,train,train,30
Yeo8mSgMuvw_000352_000362_0.0_3.5,sharpen_knife,train,train,30
YoAWkEJ6pFw_000213_000223_7.0_10.0,sharpen_knife,train,train,26
Z2rXOJuTXOE_000073_000083_3.5_8.0,sharpen_knife,train,train,38
bC1qDfkRyEs_000087_000097_1.5_4.5,sharpen_knife,train,train,26
b_abDWAF8CU_000111_000121_0.0_3.0,sharpen_knife,train,train,26
d6X5YC3WhNo_000072_000082_3.5_6.0,sharpen_knife,train,train,22
d6X5YC3WhNo_000072_000082_7.0_9.5,sharpen_knife,train,train,22
eVgrRexV12g_000237_000247_2.5_5.0,sharpen_knife,train,train,22
fFqYSzW0xvw_000117_000127_2.5_6.5,sharpen_knife,train,val,34
gnkCCLn5FFw_000020_000030_7.0_10.0,sharpen_knife,train,train,26
hEUBTD8I9jk_000056_000066_0.0_6.0,sharpen_knife,train,train,50
iWBJxme1d8A_000042_000052_7.0_10.0,sharpen_knife,train,train,26
itAx5zRDf9g_000054_000064_2.5_6.5,sharpen_knife,train,train,34
jPa8ADhmpbk_000043_000053_2.5_5.0,sharpen_knife,train,val,22
kH_Dx698psc_000036_000046_0.0_5.0,sharpen_knife,train,train,42
kHbytTGsXp4_000248_000258_5.5_8.5,sharpen_knife,train,train,26
kPaSSOE3-Uo_000249_000259_5.0_8.5,sharpen_knife,train,train,30
lbfKb22qG60_000308_000318_6.5_9.5,sharpen_knife,train,train,26
mCS9mmTFZo0_000090_000100_4.0_6.1,sharpen_knife,train,train,19
nyI8y7WOepA_000070_000080_7.0_9.5,sharpen_knife,train,train,22
nyI8y7WOepA_000083_000093_0.0_3.5,sharpen_knife,train,train,30
o0Cg2ZqzOFE_000146_000156_0.0_4.0,sharpen_knife,train,train,34
ots1yld6DUA_000009_000019_1.0_4.0,sharpen_knife,train,train,26
ots1yld6DUA_000019_000029_2.5_5.5,sharpen_knife,train,train,26
pq8Qcgiz2es_000119_000129_4.0_7.0,sharpen_knife,train,train,26
pq8Qcgiz2es_000516_000526_0.0_3.0,sharpen_knife,train,train,26
rEYy1mry2VE_000061_000071_3.0_6.0,sharpen_knife,train,train,26
rEYy1mry2VE_000061_000071_7.0_9.1,sharpen_knife,train,train,18
s2oC2fJOytc_000074_000084_3.5_6.5,sharpen_knife,train,train,26
s2oC2fJOytc_000168_000178_1.5_4.0,sharpen_knife,train,train,22
tq3Hlgw2ZB0_000180_000190_1.0_3.1,sharpen_knife,train,train,18
xoE7HGSfT-0_000412_000422_4.5_7.5,sharpen_knife,train,train,26
y7dQgXUvR0c_000155_000165_5.5_8.0,sharpen_knife,train,train,22
-3Q5K1PO7ag_000080_000090_0.0_3.0,striking_bowling,train,val,26
-hb5BJ9xxBQ_000062_000072_1.0_5.5,striking_bowling,train,train,38
-mMT5qn4yiI_000302_000312_1.0_4.0,striking_bowling,train,train,26
0YD0eCg1cXc_000000_000010_4.5_8.0,striking_bowling,train,train,30
1MBnwefvWRI_000019_000029_0.0_4.0,striking_bowling,train,train,34
2WJ5SDQVTmw_000004_000014_7.0_10.0,striking_bowling,train,train,26
2gWhL4gNvm4_000139_000149_5.0_9.5,striking_bowling,train,train,38
3m_ijwtjBV8_000041_000051_4.5_8.5,striking_bowling,train,train,34
6ixbjAeCj1A_000056_000066_0.0_3.0,striking_bowling,train,train,26
7wkEs6ZntW4_000034_000044_0.0_3.5,striking_bowling,train,train,30
9HAwJizt8KY_000068_000078_6.5_10.0,striking_bowling,train,val,30
A4_GBDnZKwo_000212_000222_0.0_3.0,striking_bowling,train,train,26
AiKYxZSTvrE_000030_000040_0.0_3.0,striking_bowling,train,train,26
AiKYxZSTvrE_000030_000040_3.0_6.0,striking_bowling,train,train,26
BH_ngeh2_dI_000182_000192_1.5_4.5,striking_bowling,train,train,26
C7vXquUH5YE_000047_000057_4.5_9.0,striking_bowling,train,train,38
C7vXquUH5YE_000157_000167_2.0_5.5,striking_bowling,train,train,30
CJihJAXgqTY_000099_000109_0.5_3.5,striking_bowling,train,train,26
CKaZXYzkroE_000315_000325_6.5_10.0,striking_bowling,train,train,30
CKihLMuCGHM_000091_000101_0.0_3.0,striking_bowling,train,train,26
Cohzeeft2ek_000340_000350_0.5_3.5,striking_bowling,train,train,26
D3UAF0gje7Q_000109_000119_1.0_4.0,striking_bowling,train,train,26
D3UAF0gje7Q_000119_000129_0.5_4.0,striking_bowling,train,val,30
F2eQfy5SN3A_000225_000235_0.0_3.0,striking_bowling,train,train,26
FWxMWNFsdqk_000228_000238_1.5_5.0,striking_bowling,train,train,30
Finl-o3QHWI_000015_000025_6.0_9.0,striking_bowling,train,train,26
GaDkBaCls8A_000083_000093_1.5_4.5,striking_bowling,train,val,26
H7vxysxaJ7U_000411_000421_2.0_6.0,striking_bowling,train,train,34
H89ccT4SmFc_000000_000010_0.5_4.0,striking_bowling,train,train,30
HdoWq76rxDw_000162_000172_0.0_4.0,striking_bowling,train,train,34
HprEd7CUowg_000002_000012_1.5_5.0,striking_bowling,train,train,30
IQwHmJN-5Yg_000133_000143_1.5_5.5,striking_bowling,train,train,34
IUCWs3HjsgI_000799_000809_0.0_3.0,striking_bowling,train,train,26
IsuhuBVJg4A_000129_000139_0.0_3.5,striking_bowling,train,train,30
ItDPycjEE5s_000036_000046_2.5_6.0,striking_bowling,train,train,30
ItDPycjEE5s_000036_000046_4.0_7.0,striking_bowling,train,train,26
Jp_RgVOO3xU_000170_000180_5.0_9.0,striking_bowling,train,train,34
K95Trz6yEYA_000567_000577_1.5_4.5,striking_bowling,train,train,26
LMrVjK1otdM_000131_000141_2.0_6.0,striking_bowling,train,train,34
MRD0ocDtv3w_000182_000192_6.5_10.0,striking_bowling,train,val,30
MTi0XWcAnNM_000007_000017_5.0_9.0,striking_bowling,train,val,34
McrtE1HOmpo_000230_000240_4.0_7.5,striking_bowling,train,train,30
OHaIImLkMrg_000218_000228_1.5_5.5,striking_bowling,train,train,34
PsNdGNLI5Hs_000129_000139_1.5_5.0,striking_bowling,train,train,30
Q-DfcYxBc9c_000157_000167_4.5_8.0,striking_bowling,train,val,30
UgQQQsUJdEM_000395_000405_1.0_4.0,striking_bowling,train,train,26
WaL8gXh99oA_000235_000245_2.0_5.0,striking_bowling,train,train,26
Wf9k6IyGVfc_000005_000015_3.5_7.0,striking_bowling,train,train,30
Wn6fiWygi7I_000118_000128_7.0_10.0,striking_bowling,train,train,26
Xxcmilr533A_000197_000207_5.5_8.5,striking_bowling,train,train,26
ZXfy6ASZKQU_000262_000272_5.5_9.5,striking_bowling,train,train,34
ZzuFHJpu7eM_000443_000453_1.0_5.0,striking_bowling,train,train,34
_VeXC01A-fY_000303_000313_0.5_3.5,striking_bowling,train,train,26
_e65m2a8--E_000331_000341_0.5_3.5,striking_bowling,train,train,26
a02EQgiGng4_000021_000031_0.0_4.5,striking_bowling,train,train,38
a02EQgiGng4_000039_000049_1.5_4.5,striking_bowling,train,val,26
alPl2XBo9NI_000068_000078_1.5_5.5,striking_bowling,train,train,34
ddgAGEWxtxA_000137_000147_3.5_8.5,striking_bowling,train,train,42
e5fApHXb3sQ_000163_000173_0.0_4.0,striking_bowling,train,train,34
eO4tCN4uAGw_000192_000202_0.0_3.5,striking_bowling,train,train,30
g82IFDEwOGU_000149_000159_1.5_4.5,striking_bowling,train,train,26
h6NMBTwaOss_000000_000010_3.5_6.5,striking_bowling,train,train,26
hMn-3pxXkp0_000066_000076_1.0_4.5,striking_bowling,train,train,30
j_vYvL6VH8g_000012_000022_0.5_4.0,striking_bowling,train,train,30
j_vYvL6VH8g_000012_000022_2.5_5.5,striking_bowling,train,train,26
jyqjN_ua8KA_000185_000195_3.5_6.5,striking_bowling,train,val,26
k2BZAg8AWWU_000171_000181_3.0_6.0,striking_bowling,train,train,26
l6fdu0r3rT0_000001_000011_2.0_5.0,striking_bowling,train,train,26
lVkkV34YZBE_000275_000285_2.0_5.0,striking_bowling,train,train,26
lof1YRvyREM_000269_000279_5.5_9.0,striking_bowling,train,train,30
m4L7tB0wf8s_000126_000136_0.5_3.5,striking_bowling,train,val,26
mChhpAJCo98_000243_000253_0.0_3.5,striking_bowling,train,train,30
muEJOWzBod8_000021_000031_1.0_4.0,striking_bowling,train,train,26
nMXQuXm6qPE_000086_000096_3.0_7.0,striking_bowling,train,train,34
nsgcHvB9WA4_000003_000013_0.0_3.0,striking_bowling,train,train,26
o6wOgxHs6Lo_000052_000062_0.0_4.0,striking_bowling,train,train,34
oIaNEBreHTI_000047_000057_1.5_5.0,striking_bowling,train,train,30
p0Y5-_l4D-s_000018_000028_0.0_3.0,striking_bowling,train,train,26
pK92ULXMrfE_000007_000017_0.0_3.0,striking_bowling,train,train,26
q3lKnphtXZs_000174_000184_1.0_4.0,striking_bowling,train,train,26
tDX6xz16gLg_000118_000128_5.0_9.0,striking_bowling,train,train,34
tLU0E9iFu28_000043_000053_0.0_3.0,striking_bowling,train,train,26
tLU0E9iFu28_000043_000053_1.5_5.0,striking_bowling,train,train,30
tpMkAZeyYeU_000090_000100_4.5_7.5,striking_bowling,train,train,26
u9PuiO-FyQs_000339_000349_2.0_6.0,striking_bowling,train,train,34
whv7_DqzFFw_000300_000310_7.0_10.0,striking_bowling,train,train,26
y7DyD_4zaq4_000234_000244_0.5_3.5,striking_bowling,train,train,26
yJBX0Wp-6B4_000374_000384_5.0_8.0,striking_bowling,train,train,26
yiOmNFP0cHQ_000009_000019_5.5_9.0,striking_bowling,train,train,30
z6QaKp2jXRI_000106_000116_4.0_7.0,striking_bowling,train,train,26
-8ju6V8B5Oc_000040_000050_5.0_8.0,toilet_flushing,train,val,26
-KrDQXnlXRw_000010_000020_5.5_8.5,toilet_flushing,train,train,26
0HWIjjmpVtY_000070_000080_6.0_9.0,toilet_flushing,train,train,26
0oDZtNnPtmw_000093_000103_1.0_4.0,toilet_flushing,train,train,26
1AfCMvhZJVY_000040_000050_3.0_6.5,toilet_flushing,train,train,30
23TtIAv0Y8k_000005_000015_4.5_7.5,toilet_flushing,train,train,26
26-HMlPhve4_000020_000030_2.0_5.0,toilet_flushing,train,train,26
2CJmpimozlY_000030_000040_3.0_6.0,toilet_flushing,train,train,26
2QETzhkbY6E_000017_000027_3.5_6.5,toilet_flushing,train,train,26
340EYwluUio_000050_000060_0.5_3.5,toilet_flushing,train,train,26
3NWTOn8uhy4_000030_000040_6.0_9.0,toilet_flushing,train,val,26
3mPPyrXA60o_000000_000010_4.0_7.0,toilet_flushing,train,train,26
53jtALXeS7U_000040_000050_2.0_5.0,toilet_flushing,train,train,26
5EcrQhp7We0_000040_000050_4.0_7.0,toilet_flushing,train,train,26
6MBc6UrEv5Y_000000_000010_4.5_7.5,toilet_flushing,train,train,26
7fRtJxP6dG0_000001_000011_3.5_6.5,toilet_flushing,train,train,26
7ih9QYtw9ko_000010_000020_4.5_8.0,toilet_flushing,train,train,30
8OTPu7DH0VI_000000_000010_4.0_7.0,toilet_flushing,train,train,26
9FG92B_xVXo_000040_000050_0.0_4.0,toilet_flushing,train,train,34
9InrWtkCJjw_000080_000090_1.0_4.5,toilet_flushing,train,train,30
9gRG7ZAukX4_000060_000070_0.0_3.0,toilet_flushing,train,train,26
AdT_D9X6sXw_000040_000050_1.0_4.0,toilet_flushing,train,train,26
Be8b5mAGM4w_000020_000030_0.0_3.5,toilet_flushing,train,val,30
CC4Nk0kQXhg_000000_000010_3.0_6.0,toilet_flushing,train,train,26
CeTEU-Ad-5s_000003_000013_3.0_8.0,toilet_flushing,train,train,42
ChQBX_ySnbM_000000_000010_1.0_4.0,toilet_flushing,train,train,26
CpKmvzqO8jU_000000_000010_1.0_4.0,toilet_flushing,train,val,26
CpKmvzqO8jU_000000_000010_4.0_7.0,toilet_flushing,train,train,26
Cs24AWKFF1c_000000_000010_1.5_5.0,toilet_flushing,train,train,30
CvN_oC0AGvM_000340_000350_1.0_4.0,toilet_flushing,train,train,26
DW2hvIp0mns_000060_000070_5.0_8.5,toilet_flushing,train,train,30
EN5AwM98F5A_000010_000020_1.0_5.0,toilet_flushing,train,train,34
E_dwrbgSKo8_000070_000080_6.0_9.0,toilet_flushing,train,train,26
Ev7627Vv_NA_000020_000030_3.0_7.0,toilet_flushing,train,train,34
Ewb29ij9HFU_000000_000010_0.5_4.5,toilet_flushing,train,train,34
FHnzqKaX93s_000060_000070_3.0_7.0,toilet_flushing,train,train,34
G6FxoIbhWUA_000030_000040_0.0_3.0,toilet_flushing,train,train,26
Hj6SLH_KCIs_000050_000060_4.5_7.5,toilet_flushing,train,train,26
KA0aPcQLEps_000027_000037_2.5_5.5,toilet_flushing,train,train,26
KIa0xMnogjQ_000080_000090_1.0_4.0,toilet_flushing,train,val,26
Ka9bA5Q03AY_000008_000018_3.0_6.5,toilet_flushing,train,val,30
M7Xdwghu5Dc_000010_000020_2.5_5.5,toilet_flushing,train,train,26
MSDd1LxNV-Q_000010_000020_3.0_6.0,toilet_flushing,train,train,26
O5l-FGTYm-I_000070_000080_0.5_3.5,toilet_flushing,train,train,26
O_iiHMbjS04_000030_000040_0.5_3.5,toilet_flushing,train,val,26
OtyPX8KjsPw_000040_000050_4.0_7.0,toilet_flushing,train,train,26
PrEnzJfmlHE_000875_000885_2.0_5.5,toilet_flushing,train,train,30
QFwyb-tbu6E_000090_000100_2.0_5.0,toilet_flushing,train,train,26
QfkbwASxFtU_000010_000020_1.5_4.5,toilet_flushing,train,train,26
RV9axi44Qms_000000_000010_2.5_6.0,toilet_flushing,train,train,30
RZh0WJEh-9w_000070_000080_4.5_7.5,toilet_flushing,train,train,26
RxP-p8Twx7k_000020_000030_4.5_7.5,toilet_flushing,train,train,26
S4K3be6Bhao_000020_000030_2.0_5.0,toilet_flushing,train,train,26
S5a0hCfl0fY_000060_000070_1.0_4.5,toilet_flushing,train,train,30
SNSrsP-J3NY_000070_000080_2.5_5.5,toilet_flushing,train,train,26
U4RRMpX2wCU_000010_000020_0.0_3.0,toilet_flushing,train,val,26
VU4fJ98V0y4_000030_000040_2.5_5.5,toilet_flushing,train,train,26
WNL7Dydv0bI_000020_000030_2.5_5.5,toilet_flushing,train,train,26
XfghHEgntWU_000010_000020_0.0_3.0,toilet_flushing,train,train,26
Y3wPVm9T6K8_000030_000040_0.0_3.0,toilet_flushing,train,train,26
YIqpIjjee00_000030_000040_3.0_6.5,toilet_flushing,train,train,30
Ydj96K_cdFE_000000_000010_0.0_4.0,toilet_flushing,train,train,34
Z1ce4xpvtEo_000010_000020_4.5_7.5,toilet_flushing,train,train,26
ZRqorZIca7I_000001_000011_0.5_3.5,toilet_flushing,train,train,26
Z_9HH5leLp0_000090_000100_3.0_6.0,toilet_flushing,train,train,26
a6z9eUhrr2U_000040_000050_0.5_4.0,toilet_flushing,train,val,30
aT6bc2MM0Xg_000030_000040_4.5_8.5,toilet_flushing,train,train,34
aUX7NmOHq7I_000060_000070_1.0_4.0,toilet_flushing,train,train,26
bHPS9RJsZ4A_000000_000010_3.0_6.0,toilet_flushing,train,train,26
bk0HCbpn608_000010_000020_5.5_8.5,toilet_flushing,train,train,26
d6Mrruq691c_000010_000020_3.0_6.5,toilet_flushing,train,val,30
gFaCWNf7PaE_000182_000192_0.0_3.0,toilet_flushing,train,train,26
ibVpmn8sOKA_000020_000030_2.5_5.5,toilet_flushing,train,train,26
is7dPshLAtE_000060_000070_3.0_7.0,toilet_flushing,train,train,34
jSjHIytiC_o_000090_000100_1.5_5.0,toilet_flushing,train,train,30
jnRCX16EwrM_000050_000060_4.5_8.0,toilet_flushing,train,train,30
jnss4GN5wEY_000030_000040_0.5_3.5,toilet_flushing,train,train,26
mXNPzQwJ1Lg_000030_000040_2.5_6.5,toilet_flushing,train,train,34
mpRE-yxlMjg_000010_000020_1.0_4.0,toilet_flushing,train,train,26
mrQ3J123uLU_000030_000040_4.0_7.0,toilet_flushing,train,train,26
oH8jVitp0YU_000020_000030_0.5_3.5,toilet_flushing,train,train,26
omiGYobPra4_000100_000110_1.5_5.0,toilet_flushing,train,train,30
pdGU1Ku-c1I_000035_000045_7.0_10.0,toilet_flushing,train,train,26
qNjfHGbv6PU_000033_000043_6.0_9.5,toilet_flushing,train,train,30
sgTlVp3Dr-Q_000110_000120_1.0_4.0,toilet_flushing,train,train,26
ukYd1nfdJlM_000060_000070_3.5_6.5,toilet_flushing,train,train,26
wfltikFvhWc_000000_000010_1.5_5.0,toilet_flushing,train,train,31
xTtA7PLoDdU_000003_000013_3.5_7.0,toilet_flushing,train,train,30
xri4iya2NKo_000010_000020_5.5_10.0,toilet_flushing,train,train,38
xwRG6hEHjcU_000080_000090_4.0_7.5,toilet_flushing,train,train,30
5Uodeo_Ln84_000014_000024_6.5_9.5,baby_babbling_crying,test,test,26
6wHFhrAqt5Q_000023_000033_5.5_8.5,baby_babbling_crying,test,test,26
FAvONjeqIGI_000061_000071_0.5_4.5,baby_babbling_crying,test,test,34
GhJhxnqgKcc_000139_000149_1.0_5.5,baby_babbling_crying,test,test,38
UR0l-ggYOfg_000041_000051_6.0_10.0,baby_babbling_crying,test,test,34
ao6-Npm2Cbw_000030_000040_1.5_4.5,baby_babbling_crying,test,test,26
dIIiaO12I5Q_000006_000016_0.0_3.0,baby_babbling_crying,test,test,26
i60k4LXneng_000016_000026_4.0_7.0,baby_babbling_crying,test,test,26
irN1qoE3-uQ_000004_000014_3.0_6.0,baby_babbling_crying,test,test,26
pYsT6PjPaFY_000030_000040_0.0_5.5,baby_babbling_crying,test,test,46
03fGTwkSBWs_000289_000299_0.0_5.0,cap_gun_shooting,test,test,42
3l4alj6RRkM_000547_000557_2.0_6.5,cap_gun_shooting,test,test,38
5Xn4lTalKc4_000099_000109_0.0_3.0,cap_gun_shooting,test,test,26
7HHCf9-HBiA_000000_000010_7.0_10.0,cap_gun_shooting,test,test,26
IWvA2ZlAK2g_000028_000038_6.5_10.0,cap_gun_shooting,test,test,30
QIT6l8y0_cE_000039_000049_2.5_6.0,cap_gun_shooting,test,test,30
T6sSJ75v9wE_000027_000037_0.0_4.0,cap_gun_shooting,test,test,34
UPVn_85FRCw_000020_000030_5.5_8.5,cap_gun_shooting,test,test,26
YX4MzUOPA8U_000094_000104_7.0_10.0,cap_gun_shooting,test,test,26
hhKsZ_uP-m8_000072_000082_0.5_5.0,cap_gun_shooting,test,test,38
231-4GOUaDQ_000014_000024_7.0_10.0,chicken_crowing,test,test,26
2OLXoKxJ1qg_000030_000040_0.0_4.5,chicken_crowing,test,test,38
2baznhAyEsg_000014_000024_5.5_8.5,chicken_crowing,test,test,26
A6GuZLAVqbI_000110_000120_0.0_3.5,chicken_crowing,test,test,30
F0xntO9MIHw_000005_000015_4.5_9.0,chicken_crowing,test,test,38
IQmrVcRT-oI_000020_000030_5.5_10.0,chicken_crowing,test,test,38
JwJAh2X6btc_000010_000020_1.5_6.0,chicken_crowing,test,test,38
Ni8dpJxscEE_000072_000082_5.0_8.5,chicken_crowing,test,test,30
OJqJgotD8D4_000038_000048_4.0_8.5,chicken_crowing,test,test,38
krEzQuVHoKk_000001_000011_6.0_10.0,chicken_crowing,test,test,34
2jIv5qBTS88_000009_000019_1.5_5.5,dog_barking,test,test,34
3qesirWAGt4_000020_000030_0.0_8.0,dog_barking,test,test,66
IWr6t7Z1mvg_000000_000010_2.5_6.5,dog_barking,test,test,34
KzK6d6Qpu_o_000010_000020_3.0_7.0,dog_barking,test,test,34
NF1lwZ24RYI_000030_000040_6.0_10.0,dog_barking,test,test,34
WJV6Ey6hXEw_000005_000015_3.5_10.0,dog_barking,test,test,54
_52ntwwQyv4_000070_000080_3.5_9.5,dog_barking,test,test,50
fp6pBJ1Iygk_000026_000036_0.0_9.0,dog_barking,test,test,74
l_SEPV8JB1U_000010_000020_2.5_10.0,dog_barking,test,test,62
mdLD3Khu5k4_000030_000040_3.0_8.0,dog_barking,test,test,42
-INNrk4mik4_000031_000041_7.0_10.0,frog_croaking,test,test,26
6mtnv7SDQqw_000007_000017_0.5_4.5,frog_croaking,test,test,34
9rWoPW0VU00_000165_000175_0.0_3.0,frog_croaking,test,test,26
C7VWBi27oGc_000006_000016_1.0_5.0,frog_croaking,test,test,34
HiLBo43GMKE_000052_000062_5.0_8.0,frog_croaking,test,test,26
Il9qAhbbeBw_000013_000023_3.0_7.0,frog_croaking,test,test,34
YX_dIRBxMLg_000023_000033_4.5_7.5,frog_croaking,test,test,26
stnD0ZE3bAQ_000030_000040_2.0_6.5,frog_croaking,test,test,38
tx7XKy_4f4c_000005_000015_4.0_7.0,frog_croaking,test,test,26
weSfQmkG35I_000002_000012_7.0_10.0,frog_croaking,test,test,26
0_1Jo7NAhl4_000149_000159_2.5_6.0,hammering,test,test,30
5WbYvoqG3fo_000074_000084_0.0_4.0,hammering,test,test,34
67rx_-m3NaE_000153_000163_1.0_5.0,hammering,test,test,34
J4qAV4_pCMI_000077_000087_4.0_7.5,hammering,test,test,30
Vwz4vOzWnLE_000078_000088_0.0_3.0,hammering,test,test,26
_tzXSoaZ644_000021_000031_0.0_3.0,hammering,test,test,26
dK6eZGeDjZg_000057_000067_2.5_6.0,hammering,test,test,30
iuozNmF5TcI_000037_000047_0.0_3.0,hammering,test,test,26
lm8M8aEoa3c_000081_000091_3.5_8.0,hammering,test,test,38
lptpDgCE0N4_000083_000093_1.0_3.0,hammering,test,test,18
3yXCtpvjz6E_000017_000027_1.0_4.5,lions_roaring,test,test,30
4VBd7XmgsTc_000019_000029_0.0_4.5,lions_roaring,test,test,38
57Q_RHO0qA8_000000_000010_1.5_4.5,lions_roaring,test,test,26
7qx057kqx1E_000039_000049_6.0_9.5,lions_roaring,test,test,30
FwB52n9_dn0_000007_000017_0.0_10.0,lions_roaring,test,test,82
Gwlez841U_I_000007_000017_0.0_3.0,lions_roaring,test,test,26
YOrImbuhsQ8_000049_000059_1.0_4.0,lions_roaring,test,test,26
rsrWBquU8bc_000050_000060_0.0_4.5,lions_roaring,test,test,38
sxqKIm4LlF0_000024_000034_0.0_3.0,lions_roaring,test,test,26
tEfjBCYLEVI_000011_000021_4.0_8.5,lions_roaring,test,test,38
-njqm6R9Tko_000050_000060_5.5_10.0,machine_gun_shooting,test,test,38
FYldIv9lGLU_000141_000151_0.0_6.5,machine_gun_shooting,test,test,54
GGf2EbHoL_w_000000_000010_0.0_3.0,machine_gun_shooting,test,test,26
MTL8-cVoP64_000169_000179_0.0_3.5,machine_gun_shooting,test,test,30
_2hpQeNbpR4_000020_000030_0.0_10.0,machine_gun_shooting,test,test,82
_RB9txkXq1o_000053_000063_5.5_10.0,machine_gun_shooting,test,test,38
akjqOhO0IM0_000010_000020_3.0_10.0,machine_gun_shooting,test,test,58
kq3sz5uOvns_000208_000218_0.0_5.0,machine_gun_shooting,test,test,42
sxJjC9HC1Xs_000310_000320_0.5_10.0,machine_gun_shooting,test,test,78
yUZMpGwS-OI_000230_000240_2.5_6.5,machine_gun_shooting,test,test,34
6zrX3NgsL7U_000290_000300_0.0_9.5,playing_cello,test,test,78
OIGvCw4UUYk_000616_000626_3.0_10.0,playing_cello,test,test,58
PnwTlG1aBdU_000086_000096_1.5_4.5,playing_cello,test,test,26
Yi9Xdiq579o_000240_000250_2.5_10.0,playing_cello,test,test,62
_f7qCwXJQmQ_000035_000045_1.0_4.0,playing_cello,test,test,26
czaj1HwZFYk_000180_000190_0.0_10.0,playing_cello,test,test,82
lDTrnXAu4WY_000025_000035_0.5_8.5,playing_cello,test,test,66
pLlHIfTP5R4_000030_000040_0.0_10.0,playing_cello,test,test,82
tBQf0NWgLbg_000040_000050_6.0_9.0,playing_cello,test,test,26
vcT8gClKYTs_000013_000023_0.0_10.0,playing_cello,test,test,82
22mgtk4Iw0M_000113_000123_0.0_10.0,playing_trombone,test,test,82
3vhWXxE_X0M_000028_000038_0.0_7.0,playing_trombone,test,test,58
EnFYztu2dBc_000002_000012_0.0_10.0,playing_trombone,test,test,82
GL5tAz0bzSU_000495_000505_2.0_10.0,playing_trombone,test,test,66
L_ucgLAe-TA_000599_000609_0.0_10.0,playing_trombone,test,test,82
NRWlHRvaDcQ_000788_000798_0.0_4.0,playing_trombone,test,test,34
ZtKvvhRBs44_000247_000257_0.0_4.0,playing_trombone,test,test,34
l0loFh-e25Y_000000_000010_2.0_8.0,playing_trombone,test,test,50
ol71q9DuY1Y_000128_000138_1.0_10.0,playing_trombone,test,test,74
qHqTC2CL0cQ_000016_000026_0.0_9.5,playing_trombone,test,test,78
0bC2T-xZkCs_000187_000197_0.0_3.0,playing_trumpet,test,test,26
3cThgRIaqgU_000016_000026_0.5_9.0,playing_trumpet,test,test,70
5kXRSxMRZGw_000058_000068_1.0_4.0,playing_trumpet,test,test,26
_5An8FmGzxw_000009_000019_0.5_7.0,playing_trumpet,test,test,54
dDbYcXgoR9A_000030_000040_0.0_4.5,playing_trumpet,test,test,38
g6kGCt7G2-w_000080_000090_2.0_7.0,playing_trumpet,test,test,42
iLo-V2zvcZE_000030_000040_5.0_9.5,playing_trumpet,test,test,38
r1JpF0ovMFA_000034_000044_2.5_6.0,playing_trumpet,test,test,30
vRfRQJfTHiE_000030_000040_3.5_9.0,playing_trumpet,test,test,46
x3ytjRxhNf4_000028_000038_3.0_6.0,playing_trumpet,test,test,26
-j9x-d4ZqtY_000030_000040_0.0_9.5,playing_violin__fiddle,test,test,78
-puNE6Pq7Jo_000030_000040_0.5_7.0,playing_violin__fiddle,test,test,54
0s49D-LqHwg_000030_000040_2.0_5.0,playing_violin__fiddle,test,test,26
74BDV0z_bvw_000030_000040_0.5_9.5,playing_violin__fiddle,test,test,74
DPMEoIfxrZY_000030_000040_0.0_9.0,playing_violin__fiddle,test,test,74
J2L9eJ-h9DY_000030_000040_0.0_3.0,playing_violin__fiddle,test,test,26
O8CrIlFXN1I_000030_000040_3.0_10.0,playing_violin__fiddle,test,test,58
OpJZ-KVF-K8_000030_000040_5.0_7.5,playing_violin__fiddle,test,test,22
SFnVnnubE0M_000030_000040_0.5_3.5,playing_violin__fiddle,test,test,26
uxEdTjXT-rs_000030_000040_1.0_5.0,playing_violin__fiddle,test,test,34
-1rZFviqTTQ_000028_000038_3.5_5.8,sharpen_knife,test,test,20
5Y_8wiKVwK0_000186_000196_6.5_9.5,sharpen_knife,test,test,26
Cac949WVIog_000240_000250_4.0_7.0,sharpen_knife,test,test,26
Ft93ncEBpGo_000184_000194_0.0_3.0,sharpen_knife,test,test,26
Ft93ncEBpGo_000360_000370_1.0_4.5,sharpen_knife,test,test,30
NqLyRSDvVE0_000224_000234_0.0_3.0,sharpen_knife,test,test,26
Rl0aaF32hV4_000220_000230_1.5_10.0,sharpen_knife,test,test,70
YKLqVHlgSiw_000176_000186_6.3_8.5,sharpen_knife,test,test,19
uA5__Dby1C0_000170_000180_2.0_4.1,sharpen_knife,test,test,18
yFuDYRwZ3EA_000237_000247_2.5_5.5,sharpen_knife,test,test,26
1gadod9llZY_000046_000056_4.5_8.5,striking_bowling,test,test,34
9kNLBpyWntg_000320_000330_1.5_4.5,striking_bowling,test,test,26
DDelecxB7p8_000068_000078_1.0_4.0,striking_bowling,test,test,26
FWxMWNFsdqk_000448_000458_1.0_4.0,striking_bowling,test,test,26
V0QCCLD_0s8_000130_000140_3.0_7.0,striking_bowling,test,test,34
ZDQSxYmgyAo_000499_000509_5.5_9.5,striking_bowling,test,test,34
fWqXK1PQfOc_000134_000144_2.5_5.5,striking_bowling,test,test,26
jvIuht_NQmI_000089_000099_1.0_4.0,striking_bowling,test,test,26
n_YeYjbyJu8_000000_000010_1.5_4.5,striking_bowling,test,test,26
qe3eHr5Q01U_000098_000108_1.5_4.5,striking_bowling,test,test,26
1AfCMvhZJVY_000040_000050_0.5_3.5,toilet_flushing,test,test,26
8PJoXe_XFe8_000030_000040_3.0_6.0,toilet_flushing,test,test,26
8fDeRi8Lqyg_000040_000050_6.0_10.0,toilet_flushing,test,test,34
KTdJ6TCmacg_000070_000080_1.5_6.0,toilet_flushing,test,test,38
WKY-QgdWR1Y_000070_000080_2.5_6.0,toilet_flushing,test,test,30
_JS6F_WP17w_000010_000020_4.5_7.5,toilet_flushing,test,test,26
nEgGc3Zg85E_000030_000040_4.5_7.5,toilet_flushing,test,test,26
q_sB0ur0mEA_000016_000026_4.5_8.5,toilet_flushing,test,test,34
rMGOF-XHU58_000010_000020_5.0_8.0,toilet_flushing,test,test,26
zm-1vgWuexY_000030_000040_5.5_8.5,toilet_flushing,test,test,26
